"","Colony","Week","Treatment","Agegroup_focal","Choice","EorN_focal","Forager_ID","Date.x","Decision_time","TouchIBtiny","TouchLStiny","Prop_exp","Num_tinies","X.x","Num_outbound_IB","Num_outbound_LS","Outbound_propIB","X.y","AgeGroup","timepoint","Date.y","Day","IB_taken","Total_Leaves","Source.x","Source.y","prev_IB_attempts","Prop_IB","TinyBinary","Choice_bin"
"1","21801",7,"CHX",1,"IB","Experienced","IB1",20170707,156.994,0,0,0.666666666666667,0,1,0,0,NA,9,1,10,20170707,49,3,15,"Boris.og","Boris.og",36,0.2,"Absent",1
"2","21801",7,"CHX",1,"IB","Experienced","IB2",20170707,398.03,0,0,0.714285714285714,0,2,0,0,NA,9,1,10,20170707,49,3,15,"Boris.og","Boris.og",36,0.2,"Absent",1
"3","21801",7,"CHX",1,"IB","Experienced","IB3",20170707,923.205,0,0,1,0,3,0,0,NA,9,1,10,20170707,49,3,15,"Boris.og","Boris.og",36,0.2,"Absent",1
"4","21801",7,"CHX",2,"LS","Naive","LS1",20170707,259.539,0,0,0.857142857142857,0,4,0,1,0,12,2,10,20170707,49,0,22,"Boris.og","Boris.og",1,0,"Absent",0
"5","21801",7,"CHX",2,"LS","Naive","LS6",20170707,1080.43,0,0,0.5,0,6,0,1,0,12,2,10,20170707,49,0,22,"Boris.og","Boris.og",1,0,"Absent",0
"6","21801",7,"CHX",3,"LS","Naive","LS10",20170707,1636.098,0,0,0.75,0,5,0,1,0,19,3,10,20170707,49,0,6,"Boris.og","Boris.og",0,0,"Absent",0
"7","21801",11,"CHX",2,"IB","Naive","IB3",20170804,892.368,0,0,0,0,8,1,2,0.333333333333333,17,2,15,20170804,77,2,8,"Boris.og","Boris.og",2,0.25,"Absent",1
"8","21801",11,"CHX",2,"IB","Naive","IB2",20170804,830.507,0,0,0,0,7,1,1,0.5,17,2,15,20170804,77,2,8,"Boris.og","Boris.og",2,0.25,"Absent",1
"9","21801",11,"CHX",3,"LS","Naive","LS2",20170804,894.992,0,0,0,0,11,0,1,0,24,3,15,20170804,77,2,38,"Boris.og","Boris.og",0,0.0526315789473684,"Absent",0
"10","21801",11,"CHX",3,"IB","Naive","IB4",20170804,1204.352,0,0,0,0,9,1,1,0.5,24,3,15,20170804,77,2,38,"Boris.og","Boris.og",0,0.0526315789473684,"Absent",1
"11","21801",11,"CHX",3,"LS","Naive","LS4",20170804,1731.529,0,0,0,0,12,0,1,0,24,3,15,20170804,77,2,38,"Boris.og","Boris.og",0,0.0526315789473684,"Absent",0
"12","21801",11,"CHX",4,"LS","Naive","LS1",20170804,355.902,0,0,0,0,10,0,2,0,31,4,15,20170804,77,0,2,"Boris.og","Boris.og",0,0,"Absent",0
"13","21801",15,"CHX",3,"LS","Naive","LS10",20170901,1786.721,0,0,0,0,16,0,0,NA,29,3,20,20170901,105,0,23,"Boris.og","",9,0,"Absent",0
"14","21801",15,"CHX",3,"LS","Naive","LS10",20170901,1786.721,0,0,0,0,16,0,0,NA,28,3,19,20170901,105,0,23,"Boris.og","Boris.og",9,0,"Absent",0
"15","21801",15,"CHX",6,"IB","Naive","IB7",20170901,1297.75,0,0,0,0,14,0,2,0,43,6,20,20170901,105,17,44,"Boris.og","",1,0.386363636363636,"Absent",1
"16","21801",15,"CHX",6,"IB","Naive","IB8",20170901,1342.145,0,0,0,0,15,0,2,0,43,6,20,20170901,105,17,44,"Boris.og","",1,0.386363636363636,"Absent",1
"17","21801",15,"CHX",6,"IB","Naive","IB4",20170901,859.822,0,0,0,0,13,0,0,NA,43,6,20,20170901,105,17,44,"Boris.og","",1,0.386363636363636,"Absent",1
"18","21801",15,"CHX",6,"LS","Naive","LS9",20170901,1761.965,0,0,0,0,18,0,1,0,43,6,20,20170901,105,17,44,"Boris.og","",1,0.386363636363636,"Absent",0
"19","21801",15,"CHX",6,"LS","Naive","LS5",20170901,953.657,0,0,0,0,17,0,0,NA,43,6,20,20170901,105,17,44,"Boris.og","",1,0.386363636363636,"Absent",0
"20","31501",3,"CHX",1,"IB","Experienced","IB1",20170510,645.153,3,2,1,5,19,0,1,0,52,1,5,20170510,21,3,55,"Boris.og","Boris.og",10,0.0545454545454545,"Preset",1
"21","31501",3,"CHX",1,"IB","Experienced","IB2",20170510,418.417,1,0,1,1,20,0,0,NA,52,1,5,20170510,21,3,55,"Boris.og","Boris.og",10,0.0545454545454545,"Preset",1
"22","31501",3,"CHX",1,"IB","Experienced","IB3",20170510,1636.321,9,0,0.833333333333333,9,21,0,0,NA,52,1,5,20170510,21,3,55,"Boris.og","Boris.og",10,0.0545454545454545,"Preset",1
"23","31501",3,"CHX",1,"LS","Experienced","LS1",20170510,725.72,5,0,1,5,22,0,0,NA,52,1,5,20170510,21,3,55,"Boris.og","Boris.og",10,0.0545454545454545,"Preset",0
"24","31501",3,"CHX",1,"LS","Experienced","LS2",20170510,1462.494,6,0,0.625,6,23,0,0,NA,52,1,5,20170510,21,3,55,"Boris.og","Boris.og",10,0.0545454545454545,"Preset",0
"25","31501",3,"CHX",1,"LS","Experienced","LS3",20170510,1686.108,9,1,0.888888888888889,10,24,0,1,0,52,1,5,20170510,21,3,55,"Boris.og","Boris.og",10,0.0545454545454545,"Preset",0
"26","31501",7,"CHX",1,"LS","Experienced","LS4",20170607,339.264,0,0,1,0,25,0,4,0,56,1,9,20170607,49,2,58,"Boris.og","Boris.og",24,0.0344827586206897,"Absent",0
"27","31501",7,"CHX",1,"LS","Experienced","LS5",20170607,533.358,0,0,1,0,26,0,1,0,56,1,9,20170607,49,2,58,"Boris.og","Boris.og",24,0.0344827586206897,"Absent",0
"28","31501",7,"CHX",1,"LS","Experienced","LS9",20170607,1673.377,0,0,1,0,27,0,0,NA,56,1,9,20170607,49,2,58,"Boris.og","Boris.og",24,0.0344827586206897,"Absent",0
"29","31501",11,"CHX",1,"IB","Experienced","IB1",20170705,611.911,0,0,0.625,0,28,0,1,0,60,1,13,20170705,77,1,45,"Boris.og","Boris.og",45,0.0222222222222222,"Absent",1
"30","31501",11,"CHX",1,"LS","Experienced","LS1",20170705,549.377,0,0,0.727272727272727,0,31,0,0,NA,60,1,13,20170705,77,1,45,"Boris.og","Boris.og",45,0.0222222222222222,"Absent",0
"31","31501",11,"CHX",1,"LS","Experienced","LS2",20170705,563.595,0,0,0.636363636363636,0,32,0,0,NA,60,1,13,20170705,77,1,45,"Boris.og","Boris.og",45,0.0222222222222222,"Absent",0
"32","31501",11,"CHX",1,"LS","Experienced","LS3",20170705,1275.966,1,0,0.7,1,33,0,1,0,60,1,13,20170705,77,1,45,"Boris.og","Boris.og",45,0.0222222222222222,"Preset",0
"33","31501",11,"CHX",2,"IB","Naive","IB3",20170705,1066.732,0,1,0.714285714285714,1,30,0,0,NA,67,2,13,20170705,77,2,3,"Boris.og","Boris.og",3,0.666666666666667,"Preset",1
"34","31501",11,"CHX",2,"IB","Naive","IB2",20170705,1007.524,0,0,0.666666666666667,0,29,0,7,0,67,2,13,20170705,77,2,3,"Boris.og","Boris.og",3,0.666666666666667,"Absent",1
"35","31501",15,"CHX",6,"IB","Naive","IB1",20170802,137.918,0,0,0,0,34,0,0,NA,74,6,17,20170802,105,3,52,"Boris.og","Boris.og",0,0.0576923076923077,"Absent",1
"36","31501",15,"CHX",6,"LS","Naive","LS5",20170802,321.09,0,0,0.166666666666667,0,37,1,2,0.333333333333333,74,6,17,20170802,105,3,52,"Boris.og","Boris.og",0,0.0576923076923077,"Absent",0
"37","31501",15,"CHX",6,"LS","Naive","LS6",20170802,420.144,0,0,0.125,0,38,0,3,0,74,6,17,20170802,105,3,52,"Boris.og","Boris.og",0,0.0576923076923077,"Absent",0
"38","31501",15,"CHX",6,"IB","Naive","IB2",20170802,267.297,0,0,0,0,35,0,3,0,74,6,17,20170802,105,3,52,"Boris.og","Boris.og",0,0.0576923076923077,"Absent",1
"39","31501",15,"CHX",6,"LS","Naive","LS8",20170802,1152.679,1,0,0,1,39,0,2,0,74,6,17,20170802,105,3,52,"Boris.og","Boris.og",0,0.0576923076923077,"Preset",0
"40","31501",15,"CHX",6,"IB","Naive","IB3",20170802,331.441,0,0,0.142857142857143,0,36,0,3,0,74,6,17,20170802,105,3,52,"Boris.og","Boris.og",0,0.0576923076923077,"Absent",1
"41","31501",19,"CHX",7,"IB","Naive","IB5",20170830,435.749,1,0,0,1,41,1,2,0.333333333333333,81,7,21,20170830,133,3,7,"Boris.og","Boris.og",10,0.428571428571429,"Preset",1
"42","31501",19,"CHX",7,"IB","Naive","IB9",20170830,1648.856,0,0,0,0,42,2,0,1,81,7,21,20170830,133,3,7,"Boris.og","Boris.og",10,0.428571428571429,"Absent",1
"43","31501",19,"CHX",8,"IB","Naive","IB4",20170830,377.237,0,0,0,0,40,0,2,0,85,8,21,20170830,133,5,30,"Boris.og","Boris.og",1,0.166666666666667,"Absent",1
"44","31501",19,"CHX",8,"LS","Naive","LS10",20170830,1719.139,0,0,0,0,43,1,0,1,85,8,21,20170830,133,5,30,"Boris.og","Boris.og",1,0.166666666666667,"Absent",0
"45","31501",19,"CHX",8,"LS","Naive","LS3",20170830,489.587,1,0,0,1,44,1,1,0.5,85,8,21,20170830,133,5,30,"Boris.og","Boris.og",1,0.166666666666667,"Preset",0
"46","31501",19,"CHX",8,"LS","Naive","LS6",20170830,1226.099,0,0,0,0,45,1,0,1,85,8,21,20170830,133,5,30,"Boris.og","Boris.og",1,0.166666666666667,"Absent",0
"47","31502",3,"CHX",1,"IB","Experienced","IB1",20170510,1432.734,0,0,1,0,46,0,1,0,94,1,5,20170510,21,2,44,"Boris.og","Boris.og",12,0.0454545454545455,"Absent",1
"48","31502",3,"CHX",1,"IB","Experienced","IB2",20170510,1529.132,0,0,0.75,0,47,0,0,NA,94,1,5,20170510,21,2,44,"Boris.og","Boris.og",12,0.0454545454545455,"Absent",1
"49","31502",3,"CHX",1,"LS","Experienced","LS5",20170510,1146.482,0,0,1,0,48,0,0,NA,94,1,5,20170510,21,2,44,"Boris.og","Boris.og",12,0.0454545454545455,"Absent",0
"50","31502",3,"CHX",1,"LS","Experienced","LS8",20170510,1513.878,0,0,0.8,0,49,0,1,0,94,1,5,20170510,21,2,44,"Boris.og","Boris.og",12,0.0454545454545455,"Absent",0
"51","31502",7,"CHX",1,"IB","Experienced","IB1",20170607,730.126,1,1,1,2,50,0,2,0,98,1,9,20170607,49,2,55,"Boris.og","Boris.og",17,0.0363636363636364,"Preset",1
"52","31502",7,"CHX",1,"LS","Experienced","LS10",20170607,1731.527,2,2,0.833333333333333,4,51,0,1,0,98,1,9,20170607,49,2,55,"Boris.og","Boris.og",17,0.0363636363636364,"Preset",0
"53","31502",7,"CHX",1,"LS","Experienced","LS5",20170607,1253.887,3,0,0.956521739130435,3,52,0,1,0,98,1,9,20170607,49,2,55,"Boris.og","Boris.og",17,0.0363636363636364,"Preset",0
"54","31502",7,"CHX",1,"LS","Experienced","LS8",20170607,1637.53,3,0,0.875,3,53,0,0,NA,98,1,9,20170607,49,2,55,"Boris.og","Boris.og",17,0.0363636363636364,"Preset",0
"55","31502",11,"CHX",1,"LS","Experienced","LS1",20170705,1633.705,4,0,0.769230769230769,4,55,0,0,NA,102,1,13,20170705,77,0,65,"Boris.og","Boris.og",22,0,"Preset",0
"56","31502",11,"CHX",2,"IB","Naive","IB1",20170705,1392.934,2,0,0.777777777777778,2,54,0,0,NA,110,2,13,20170705,77,1,1,"Boris.og","Boris.og",1,1,"Preset",1
"57","31502",15,"CHX",1,"IB","Experienced","IB6",20170802,1488.993,4,0,0.666666666666667,4,58,1,2,0.333333333333333,107,1,18,20170802,105,6,35,"Boris.og","Boris.og",22,0.171428571428571,"Preset",1
"58","31502",15,"CHX",1,"LS","Experienced","LS10",20170802,1532.459,4,0,0.857142857142857,4,59,0,0,NA,107,1,18,20170802,105,6,35,"Boris.og","Boris.og",22,0.171428571428571,"Preset",0
"59","31502",15,"CHX",1,"IB","Experienced","IB1",20170802,268.356,0,2,0.5,2,56,0,1,0,107,1,18,20170802,105,6,35,"Boris.og","Boris.og",22,0.171428571428571,"Preset",1
"60","31502",15,"CHX",1,"IB","Experienced","IB2",20170802,667.875,1,0,0.666666666666667,1,57,0,0,NA,107,1,18,20170802,105,6,35,"Boris.og","Boris.og",22,0.171428571428571,"Preset",1
"61","31502",15,"CHX",1,"LS","Experienced","LS4",20170802,456.608,4,0,0.5,4,60,0,1,0,107,1,18,20170802,105,6,35,"Boris.og","Boris.og",22,0.171428571428571,"Preset",0
"62","31502",15,"CHX",1,"LS","Experienced","LS6",20170802,883.1,4,0,0.714285714285714,4,61,0,3,0,107,1,18,20170802,105,6,35,"Boris.og","Boris.og",22,0.171428571428571,"Preset",0
"63","31502",19,"CHX",6,"IB","Naive","IB5",20170830,976.481,1,1,0,2,63,0,5,0,119,6,23,20170830,133,3,8,"Boris.og","Boris.og",11,0.375,"Preset",1
"64","31502",19,"CHX",6,"IB","Naive","IB6",20170830,1689.829,4,0,0,4,64,0,2,0,119,6,23,20170830,133,3,8,"Boris.og","Boris.og",11,0.375,"Preset",1
"65","31502",19,"CHX",8,"IB","Naive","IB1",20170830,96.438,1,0,0,1,62,0,0,NA,126,8,23,20170830,133,3,38,"Boris.og","Boris.og",4,0.0789473684210526,"Preset",1
"66","31502",19,"CHX",8,"LS","Naive","LS2",20170830,158.539,1,0,0,1,65,0,1,0,126,8,23,20170830,133,3,38,"Boris.og","Boris.og",4,0.0789473684210526,"Preset",0
"67","31502",19,"CHX",9,"LS","Naive","LS7",20170830,1131.607,5,0,0,5,67,1,2,0.333333333333333,129,9,23,20170830,133,0,22,"Boris.og","Boris.og",0,0,"Preset",0
"68","31503",3,"CHX",1,"IB","Experienced","IB1",20170510,652.408,0,0,1,0,68,0,2,0,143,1,6,20170510,21,1,26,"Boris.og","Boris.og",7,0.0384615384615385,"Absent",1
"69","31503",3,"CHX",1,"LS","Experienced","LS4",20170510,647.141,0,0,1,0,69,0,1,0,143,1,6,20170510,21,1,26,"Boris.og","Boris.og",7,0.0384615384615385,"Absent",0
"70","31503",11,"CHX",1,"IB","Experienced","IB1",20170705,350.835,1,0,0.882352941176471,1,70,0,3,0,150,1,13,20170705,77,2,53,"Boris.og","Boris.og",12,0.0377358490566038,"Preset",1
"71","31503",11,"CHX",1,"LS","Experienced","LS1",20170705,417.883,1,1,0.666666666666667,2,72,0,2,0,150,1,13,20170705,77,2,53,"Boris.og","Boris.og",12,0.0377358490566038,"Preset",0
"72","31503",11,"CHX",1,"IB","Experienced","IB2",20170705,1462.648,4,0,1,4,71,0,0,NA,150,1,13,20170705,77,2,53,"Boris.og","Boris.og",12,0.0377358490566038,"Preset",1
"73","31503",11,"CHX",1,"LS","Experienced","LS2",20170705,1252.907,4,0,0.923076923076923,4,73,0,0,NA,150,1,13,20170705,77,2,53,"Boris.og","Boris.og",12,0.0377358490566038,"Preset",0
"74","31503",15,"CHX",6,"LS","Naive","LS4",20170802,584.03,8,0,0.416666666666667,8,74,0,1,0,161,6,18,20170802,105,0,30,"Boris.og","Boris.og",0,0,"Preset",0
"75","31503",15,"CHX",6,"LS","Naive","LS8",20170802,1324.817,6,0,0.333333333333333,6,75,0,2,0,161,6,18,20170802,105,0,30,"Boris.og","Boris.og",0,0,"Preset",0
"76","31503",15,"CHX",6,"LS","Naive","LS9",20170802,1360.878,8,0,0.6,8,76,0,1,0,161,6,18,20170802,105,0,30,"Boris.og","Boris.og",0,0,"Preset",0
"77","31503",19,"CHX",6,"IB","Naive","IB5",20170830,913.42,1,0,0,1,78,0,1,0,165,6,22,20170830,133,6,18,"Boris.og","Boris.og",7,0.333333333333333,"Preset",1
"78","31503",19,"CHX",8,"IB","Naive","IB4",20170830,848.709,4,0,0.111111111111111,4,77,0,0,NA,168,8,22,20170830,133,3,16,"Boris.og","Boris.og",0,0.1875,"Preset",1
"79","31503",19,"CHX",8,"IB","Naive","IB8",20170830,1366.356,5,0,0,5,79,0,2,0,168,8,22,20170830,133,3,16,"Boris.og","Boris.og",0,0.1875,"Preset",1
"80","31503",19,"CHX",8,"LS","Naive","LS1",20170830,132.28,0,0,0.0769230769230769,0,80,1,0,1,168,8,22,20170830,133,3,16,"Boris.og","Boris.og",0,0.1875,"Absent",0
"81","31503",19,"CHX",8,"LS","Naive","LS3",20170830,776.711,1,0,0.0909090909090909,1,81,0,1,0,168,8,22,20170830,133,3,16,"Boris.og","Boris.og",0,0.1875,"Preset",0
"82","31503",19,"CHX",8,"LS","Naive","LS4",20170830,779.465,2,0,0.125,2,82,0,0,NA,168,8,22,20170830,133,3,16,"Boris.og","Boris.og",0,0.1875,"Preset",0
"83","41901",3,"Control",1,"IB","Experienced","IB1",20170528,520.969,0,0,1,0,199,0,0,NA,181,1,5,20170528,21,61,87,"notebook","",140,0.701149425287356,"Absent",1
"84","41901",3,"Control",1,"IB","Experienced","IB4",20170528,1403.195,0,0,0.909090909090909,0,200,0,0,NA,181,1,5,20170528,21,61,87,"notebook","",140,0.701149425287356,"Absent",1
"85","41901",3,"Control",1,"IB","Experienced","IB5",20170528,1765.438,0,0,0.9,0,201,0,1,0,181,1,5,20170528,21,61,87,"notebook","",140,0.701149425287356,"Absent",1
"86","41901",3,"Control",1,"LS","Experienced","LS3",20170528,958.402,0,1,1,1,202,0,0,NA,181,1,5,20170528,21,61,87,"notebook","",140,0.701149425287356,"Preset",0
"87","41901",3,"Control",1,"LS","Experienced","LS4",20170528,1288.179,0,0,1,0,203,2,0,1,181,1,5,20170528,21,61,87,"notebook","",140,0.701149425287356,"Absent",0
"88","41901",3,"Control",1,"LS","Experienced","LS5",20170528,1503.621,0,0,0.875,0,204,1,0,1,181,1,5,20170528,21,61,87,"notebook","",140,0.701149425287356,"Absent",0
"89","41901",7,"Control",1,"IB","Experienced","IB1",20170625,379.883,0,0,1,0,205,0,1,0,185,1,8,20170625,49,23,42,"Boris.og","Boris.og",266,0.547619047619048,"Absent",1
"90","41901",7,"Control",1,"IB","Experienced","IB2",20170625,1077.743,0,0,0.666666666666667,0,206,0,0,NA,185,1,8,20170625,49,23,42,"Boris.og","Boris.og",266,0.547619047619048,"Absent",1
"91","41901",7,"Control",1,"IB","Experienced","IB3",20170625,1233.137,0,0,1,0,207,2,0,1,185,1,8,20170625,49,23,42,"Boris.og","Boris.og",266,0.547619047619048,"Absent",1
"92","41901",7,"Control",1,"LS","Experienced","LS1",20170625,106.411,0,0,1,0,208,0,0,NA,185,1,8,20170625,49,23,42,"Boris.og","Boris.og",266,0.547619047619048,"Absent",0
"93","41901",7,"Control",1,"LS","Experienced","LS5",20170625,459.356,0,0,1,0,209,0,0,NA,185,1,8,20170625,49,23,42,"Boris.og","Boris.og",266,0.547619047619048,"Absent",0
"94","41901",7,"Control",1,"LS","Experienced","LS6",20170625,513.373,0,0,NA,0,210,0,0,NA,185,1,8,20170625,49,23,42,"Boris.og","Boris.og",266,0.547619047619048,"Absent",0
"95","41901",11,"Control",1,"IB","Experienced","IB4",20170723,1381.722,0,0,0.666666666666667,0,213,2,6,0.25,191,1,12,20170723,77,2,2,"notebook","notebook",323,1,"Absent",1
"96","41901",11,"Control",1,"IB","Experienced","IB4",20170723,1381.722,0,0,0.666666666666667,0,213,2,6,0.25,192,1,12,20170723,77,0,2,"notebook","notebook",323,0,"Absent",1
"97","41901",11,"Control",1,"LS","Experienced","LS3",20170723,1084.563,0,0,0.333333333333333,0,216,0,1,0,191,1,12,20170723,77,2,2,"notebook","notebook",323,1,"Absent",0
"98","41901",11,"Control",1,"LS","Experienced","LS3",20170723,1084.563,0,0,0.333333333333333,0,216,0,1,0,192,1,12,20170723,77,0,2,"notebook","notebook",323,0,"Absent",0
"99","41901",11,"Control",1,"LS","Experienced","LS5",20170723,1706.059,0,0,0,0,217,4,2,0.666666666666667,191,1,12,20170723,77,2,2,"notebook","notebook",323,1,"Absent",0
"100","41901",11,"Control",1,"LS","Experienced","LS5",20170723,1706.059,0,0,0,0,217,4,2,0.666666666666667,192,1,12,20170723,77,0,2,"notebook","notebook",323,0,"Absent",0
"101","41901",11,"Control",3,"IB","Naive","IB2",20170723,1160.877,0,0,0.25,0,211,0,0,NA,198,3,12,20170723,77,6,25,"notebook","notebook",4,0.24,"Absent",1
"102","41901",11,"Control",3,"IB","Naive","IB3",20170723,1270.37,0,0,0.25,0,212,0,2,0,198,3,12,20170723,77,6,25,"notebook","notebook",4,0.24,"Absent",1
"103","41901",11,"Control",3,"LS","Naive","LS1",20170723,362.41,0,0,0.25,0,214,0,0,NA,198,3,12,20170723,77,6,25,"notebook","notebook",4,0.24,"Absent",0
"104","41901",11,"Control",3,"LS","Naive","LS2",20170723,593.453,0,0,0.25,0,215,0,1,0,198,3,12,20170723,77,6,25,"notebook","notebook",4,0.24,"Absent",0
"105","41901",15,"Control",1,"IB","Experienced","IB4",20170820,1194.699,0,1,NA,1,220,0,0,NA,193,1,16,20170820,105,0,1,"Boris.og","Boris.og",329,0,"Preset",1
"106","41901",15,"Control",3,"IB","Naive","IB1",20170820,160.694,0,0,0.5,0,218,0,0,NA,202,3,16,20170820,105,0,6,"Boris.og","Boris.og",30,0,"Absent",1
"107","41901",15,"Control",3,"IB","Naive","IB3",20170820,1108.844,0,1,0,1,219,0,0,NA,202,3,16,20170820,105,0,6,"Boris.og","Boris.og",30,0,"Preset",1
"108","41901",15,"Control",3,"LS","Naive","LS2",20170820,556.429,1,0,1,1,221,0,0,NA,202,3,16,20170820,105,0,6,"Boris.og","Boris.og",30,0,"Preset",0
"109","41901",15,"Control",3,"LS","Naive","LS4",20170820,794.827,0,1,1,1,222,0,2,0,202,3,16,20170820,105,0,6,"Boris.og","Boris.og",30,0,"Preset",0
"110","41901",15,"Control",3,"LS","Naive","LS6",20170820,915.652,0,0,NA,0,223,0,2,0,202,3,16,20170820,105,0,6,"Boris.og","Boris.og",30,0,"Absent",0
"111","41902",3,"Control",1,"IB","Experienced","IB1",20170528,114.349,0,0,1,0,224,0,0,NA,212,1,6,20170528,21,43,88,"Boris.og","Boris.og",159,0.488636363636364,"Absent",1
"112","41902",3,"Control",1,"IB","Experienced","IB2",20170528,779.048,0,0,1,0,225,1,0,1,212,1,6,20170528,21,43,88,"Boris.og","Boris.og",159,0.488636363636364,"Absent",1
"113","41902",3,"Control",1,"IB","Experienced","IB5",20170528,1563.513,0,0,1,0,226,0,0,NA,212,1,6,20170528,21,43,88,"Boris.og","Boris.og",159,0.488636363636364,"Absent",1
"114","41902",3,"Control",1,"LS","Experienced","LS2",20170528,493.131,0,0,1,0,227,0,0,NA,212,1,6,20170528,21,43,88,"Boris.og","Boris.og",159,0.488636363636364,"Absent",0
"115","41902",3,"Control",1,"LS","Experienced","LS5",20170528,824.969,0,0,1,0,228,0,0,NA,212,1,6,20170528,21,43,88,"Boris.og","Boris.og",159,0.488636363636364,"Absent",0
"116","41902",3,"Control",1,"LS","Experienced","LS9",20170528,1517.037,0,0,1,0,229,0,0,NA,212,1,6,20170528,21,43,88,"Boris.og","Boris.og",159,0.488636363636364,"Absent",0
"117","41902",7,"Control",1,"IB","Experienced","IB3",20170625,1533.764,0,0,0.666666666666667,0,230,1,2,0.333333333333333,218,1,10,20170625,49,35,64,"Boris.og","Boris.og",313,0.546875,"Absent",1
"118","41902",7,"Control",1,"IB","Experienced","IB4",20170625,1555.157,0,0,0.6,0,231,1,1,0.5,218,1,10,20170625,49,35,64,"Boris.og","Boris.og",313,0.546875,"Absent",1
"119","41902",7,"Control",1,"IB","Experienced","IB5",20170625,1663.049,0,0,0.571428571428571,0,232,0,0,NA,218,1,10,20170625,49,35,64,"Boris.og","Boris.og",313,0.546875,"Absent",1
"120","41902",7,"Control",1,"LS","Experienced","LS2",20170625,570.603,0,0,0.777777777777778,0,233,1,0,1,218,1,10,20170625,49,35,64,"Boris.og","Boris.og",313,0.546875,"Absent",0
"121","41902",7,"Control",1,"LS","Experienced","LS4",20170625,975.672,0,0,0.5,0,234,0,1,0,218,1,10,20170625,49,35,64,"Boris.og","Boris.og",313,0.546875,"Absent",0
"122","41902",7,"Control",1,"LS","Experienced","LS5",20170625,1556.647,0,0,0.666666666666667,0,235,0,2,0,218,1,10,20170625,49,35,64,"Boris.og","Boris.og",313,0.546875,"Absent",0
"123","41902",11,"Control",1,"IB","Experienced","IB3",20170723,1432.2,1,0,0.285714285714286,1,238,0,0,NA,225,1,14,20170723,77,7,8,"Boris.og","Boris.og",363,0.875,"Preset",1
"124","41902",11,"Control",3,"IB","Naive","IB1",20170723,817.789,0,1,0,1,236,0,1,0,238,3,14,20170723,77,8,23,"Boris.og","Boris.og",28,0.347826086956522,"Preset",1
"125","41902",11,"Control",3,"IB","Naive","IB2",20170723,1121.391,1,0,0.285714285714286,1,237,0,1,0,238,3,14,20170723,77,8,23,"Boris.og","Boris.og",28,0.347826086956522,"Preset",1
"126","41902",11,"Control",3,"LS","Naive","LS1",20170723,775.147,1,0,0,1,239,1,1,0.5,238,3,14,20170723,77,8,23,"Boris.og","Boris.og",28,0.347826086956522,"Preset",0
"127","41902",11,"Control",3,"LS","Naive","LS2",20170723,966.236,1,0,0.181818181818182,1,240,1,2,0.333333333333333,238,3,14,20170723,77,8,23,"Boris.og","Boris.og",28,0.347826086956522,"Preset",0
"128","41902",11,"Control",4,"LS","Naive","LS3",20170723,1223.431,0,0,0.2,0,241,2,3,0.4,245,4,14,20170723,77,8,20,"Boris.og","Boris.og",2,0.4,"Absent",0
"129","41902",15,"Control",3,"IB","Naive","IB1",20170820,1005.693,0,0,0,0,242,0,2,0,241,3,20,20170820,105,2,8,"Boris.og","Boris.og",37,0.25,"Absent",1
"130","41902",15,"Control",3,"IB","Naive","IB2",20170820,1369.398,0,0,0,0,243,0,0,NA,241,3,20,20170820,105,2,8,"Boris.og","Boris.og",37,0.25,"Absent",1
"131","41902",15,"Control",3,"LS","Naive","LS8",20170820,1441.946,0,0,0,0,247,0,0,NA,241,3,20,20170820,105,2,8,"Boris.og","Boris.og",37,0.25,"Absent",0
"132","41902",15,"Control",6,"IB","Naive","IB3",20170820,1452.69,0,0,0,0,244,0,5,0,257,6,20,20170820,105,1,2,"Boris.og","Boris.og",1,0.5,"Absent",1
"133","41902",15,"Control",7,"LS","Naive","LS10",20170820,1682.715,0,0,0,0,245,0,2,0,261,7,20,20170820,105,0,4,"Boris.og","Boris.og",0,0,"Absent",0
"134","41902",15,"Control",7,"LS","Naive","LS7",20170820,1416.376,0,0,0,0,246,0,4,0,261,7,20,20170820,105,0,4,"Boris.og","Boris.og",0,0,"Absent",0
"135","41902",19,"Control",7,"IB","Naive","IB1",20170917,289.101,0,0,0,0,248,0,0,NA,267,7,25,20170917,133,1,14,"Boris.og","Boris.og",1,0.0714285714285714,"Absent",1
"136","41902",19,"Control",7,"IB","Naive","IB1",20170917,289.101,0,0,0,0,248,0,0,NA,266,7,24,20170917,133,0,14,"notebook","notebook",0,0,"Absent",1
"137","41902",19,"Control",7,"IB","Naive","IB1",20170917,289.101,0,0,0,0,248,0,0,NA,268,7,25,20170917,133,0,14,"notebook","Boris.og",1,0,"Absent",1
"138","41902",19,"Control",7,"IB","Naive","IB1",20170917,289.101,0,0,0,0,248,0,0,NA,265,7,24,20170917,133,1,14,"Boris.og","notebook",0,0.0714285714285714,"Absent",1
"139","41902",19,"Control",7,"LS","Naive","LS5",20170917,395.638,0,0,0,0,250,0,0,NA,267,7,25,20170917,133,1,14,"Boris.og","Boris.og",1,0.0714285714285714,"Absent",0
"140","41902",19,"Control",7,"LS","Naive","LS5",20170917,395.638,0,0,0,0,250,0,0,NA,266,7,24,20170917,133,0,14,"notebook","notebook",0,0,"Absent",0
"141","41902",19,"Control",7,"LS","Naive","LS5",20170917,395.638,0,0,0,0,250,0,0,NA,268,7,25,20170917,133,0,14,"notebook","Boris.og",1,0,"Absent",0
"142","41902",19,"Control",7,"LS","Naive","LS5",20170917,395.638,0,0,0,0,250,0,0,NA,265,7,24,20170917,133,1,14,"Boris.og","notebook",0,0.0714285714285714,"Absent",0
"143","41902",19,"Control",7,"LS","Naive","LS9",20170917,1117.581,0,0,0,0,251,0,0,NA,267,7,25,20170917,133,1,14,"Boris.og","Boris.og",1,0.0714285714285714,"Absent",0
"144","41902",19,"Control",7,"LS","Naive","LS9",20170917,1117.581,0,0,0,0,251,0,0,NA,266,7,24,20170917,133,0,14,"notebook","notebook",0,0,"Absent",0
"145","41902",19,"Control",7,"LS","Naive","LS9",20170917,1117.581,0,0,0,0,251,0,0,NA,268,7,25,20170917,133,0,14,"notebook","Boris.og",1,0,"Absent",0
"146","41902",19,"Control",7,"LS","Naive","LS9",20170917,1117.581,0,0,0,0,251,0,0,NA,265,7,24,20170917,133,1,14,"Boris.og","notebook",0,0.0714285714285714,"Absent",0
"147","41902",19,"Control",8,"LS","Naive","LS2",20170917,125.056,0,0,0,0,249,0,0,NA,272,8,25,20170917,133,0,2,"Boris.og","Boris.og",0,0,"Absent",0
"148","41902",19,"Control",8,"LS","Naive","LS2",20170917,125.056,0,0,0,0,249,0,0,NA,271,8,24,20170917,133,0,2,"Boris.og","notebook",0,0,"Absent",0
"149","41902",19,"Control",8,"LS","Naive","LS2",20170917,125.056,0,0,0,0,249,0,0,NA,270,8,24,20170917,133,1,2,"notebook","notebook",0,0.5,"Absent",0
"150","41902",19,"Control",8,"LS","Naive","LS2",20170917,125.056,0,0,0,0,249,0,0,NA,273,8,25,20170917,133,1,2,"notebook","Boris.og",0,0.5,"Absent",0
"151","42001",3,"Control",1,"IB","Experienced","IB1",20170528,527.399,0,0,1,0,252,0,0,NA,278,1,5,20170528,21,55,96,"Boris.og","Boris.og",141,0.572916666666667,"Absent",1
"152","42001",3,"Control",1,"IB","Experienced","IB2",20170528,706.478,0,0,0.9375,0,253,1,0,1,278,1,5,20170528,21,55,96,"Boris.og","Boris.og",141,0.572916666666667,"Absent",1
"153","42001",3,"Control",1,"IB","Experienced","IB5",20170528,1663.656,0,0,1,0,254,0,2,0,278,1,5,20170528,21,55,96,"Boris.og","Boris.og",141,0.572916666666667,"Absent",1
"154","42001",3,"Control",1,"LS","Experienced","LS1",20170528,147.197,0,0,1,0,255,0,0,NA,278,1,5,20170528,21,55,96,"Boris.og","Boris.og",141,0.572916666666667,"Absent",0
"155","42001",3,"Control",1,"LS","Experienced","LS3",20170528,404.337,0,0,1,0,256,2,0,1,278,1,5,20170528,21,55,96,"Boris.og","Boris.og",141,0.572916666666667,"Absent",0
"156","42001",3,"Control",1,"LS","Experienced","LS7",20170528,1074.482,0,0,1,0,257,0,1,0,278,1,5,20170528,21,55,96,"Boris.og","Boris.og",141,0.572916666666667,"Absent",0
"157","42001",7,"Control",1,"LS","Experienced","LS6",20170625,778.063,0,0,0.333333333333333,0,262,0,0,NA,284,1,9,20170625,49,14,23,"Boris.og","Boris.og",280,0.608695652173913,"Absent",0
"158","42001",7,"Control",2,"IB","Naive","IB1",20170625,344.176,0,0,0.461538461538462,0,258,0,1,0,295,2,9,20170625,49,25,55,"Boris.og","Boris.og",18,0.454545454545455,"Absent",1
"159","42001",7,"Control",2,"IB","Naive","IB4",20170625,902.348,0,0,0.25,0,259,1,0,1,295,2,9,20170625,49,25,55,"Boris.og","Boris.og",18,0.454545454545455,"Absent",1
"160","42001",7,"Control",2,"IB","Naive","IB5",20170625,1565.402,0,0,0.4,0,260,1,0,1,295,2,9,20170625,49,25,55,"Boris.og","Boris.og",18,0.454545454545455,"Absent",1
"161","42001",7,"Control",2,"LS","Naive","LS3",20170625,270.429,1,0,0.578947368421053,1,261,0,1,0,295,2,9,20170625,49,25,55,"Boris.og","Boris.og",18,0.454545454545455,"Preset",0
"162","42001",7,"Control",2,"LS","Naive","LS8",20170625,956.578,0,0,0.388888888888889,0,263,1,0,1,295,2,9,20170625,49,25,55,"Boris.og","Boris.og",18,0.454545454545455,"Absent",0
"163","42001",11,"Control",1,"LS","Experienced","LS1",20170723,82.73,0,0,0.5,0,267,0,0,NA,288,1,13,20170723,77,0,2,"Boris.og","Boris.og",302,0,"Absent",0
"164","42001",11,"Control",2,"LS","Naive","LS2",20170723,404.759,0,0,0,0,268,1,3,0.25,299,2,13,20170723,77,1,29,"Boris.og","Boris.og",64,0.0344827586206897,"Absent",0
"165","42001",11,"Control",2,"LS","Naive","LS3",20170723,1662.826,1,0,0,1,269,0,1,0,299,2,13,20170723,77,1,29,"Boris.og","Boris.og",64,0.0344827586206897,"Preset",0
"166","42001",11,"Control",3,"IB","Naive","IB2",20170723,920.662,0,0,0,0,264,0,1,0,310,3,13,20170723,77,3,25,"Boris.og","Boris.og",13,0.12,"Absent",1
"167","42001",11,"Control",3,"IB","Naive","IB3",20170723,1484.901,0,0,0.230769230769231,0,265,0,1,0,310,3,13,20170723,77,3,25,"Boris.og","Boris.og",13,0.12,"Absent",1
"168","42001",11,"Control",3,"IB","Naive","IB4",20170723,1739.793,1,0,0.0909090909090909,1,266,0,1,0,310,3,13,20170723,77,3,25,"Boris.og","Boris.og",13,0.12,"Preset",1
"169","42001",15,"Control",3,"LS","Naive","LS4",20170820,742.994,1,1,0,2,273,2,3,0.4,315,3,18,20170802,105,0,6,"Boris.og","Boris.og",26,0,"Preset",0
"170","42001",15,"Control",4,"IB","Naive","IB4",20170820,242.693,1,2,0,3,270,0,1,0,319,4,18,20170802,105,3,5,"Boris.og","Boris.og",16,0.6,"Preset",1
"171","42001",15,"Control",6,"IB","Naive","IB8",20170820,823.807,0,2,0,2,272,0,3,0,326,6,18,20170802,105,7,26,"Boris.og","Boris.og",5,0.269230769230769,"Preset",1
"172","42001",15,"Control",6,"LS","Naive","LS7",20170820,1088.692,1,2,0,3,274,1,1,0.5,326,6,18,20170802,105,7,26,"Boris.og","Boris.og",5,0.269230769230769,"Preset",0
"173","42001",15,"Control",7,"IB","Naive","IB7",20170820,724.553,0,1,0,1,271,0,0,NA,331,7,18,20170802,105,11,35,"Boris.og","Boris.og",1,0.314285714285714,"Preset",1
"174","42001",15,"Control",7,"LS","Naive","LS8",20170820,1093.731,1,1,0,2,275,0,2,0,331,7,18,20170802,105,11,35,"Boris.og","Boris.og",1,0.314285714285714,"Preset",0
"175","42001",19,"Control",7,"IB","Naive","IB1",20170917,1254.432,0,0,0,0,276,0,0,NA,335,7,22,20170917,133,2,10,"Boris.og","Boris.og",26,0.2,"Absent",1
"176","42001",19,"Control",7,"IB","Naive","IB2",20170917,1460.362,0,0,0,0,277,0,1,0,335,7,22,20170917,133,2,10,"Boris.og","Boris.og",26,0.2,"Absent",1
"177","42001",19,"Control",7,"LS","Naive","LS2",20170917,898.259,0,0,0,0,278,0,0,NA,335,7,22,20170917,133,2,10,"Boris.og","Boris.og",26,0.2,"Absent",0
"178","42001",19,"Control",7,"LS","Naive","LS3",20170917,1034.125,0,0,0,0,279,0,0,NA,335,7,22,20170917,133,2,10,"Boris.og","Boris.og",26,0.2,"Absent",0
"179","42001",19,"Control",7,"LS","Naive","LS6",20170917,1326.697,0,0,0,0,280,0,1,0,335,7,22,20170917,133,2,10,"Boris.og","Boris.og",26,0.2,"Absent",0
"180","42002",3,"CHX",1,"IB","Experienced","IB1",20170609,319.001,0,0,1,0,83,0,0,NA,345,1,5,20170609,21,17,51,"notebook","",70,0.333333333333333,"Absent",1
"181","42002",3,"CHX",1,"IB","Experienced","IB2",20170609,1099.832,0,0,1,0,84,0,0,NA,345,1,5,20170609,21,17,51,"notebook","",70,0.333333333333333,"Absent",1
"182","42002",3,"CHX",1,"IB","Experienced","IB3",20170609,1304.113,0,0,1,0,85,1,1,0.5,345,1,5,20170609,21,17,51,"notebook","",70,0.333333333333333,"Absent",1
"183","42002",3,"CHX",1,"LS","Experienced","LS2",20170609,329.01,0,0,1,0,86,0,2,0,345,1,5,20170609,21,17,51,"notebook","",70,0.333333333333333,"Absent",0
"184","42002",3,"CHX",1,"LS","Experienced","LS4",20170609,794.137,0,0,1,0,87,0,1,0,345,1,5,20170609,21,17,51,"notebook","",70,0.333333333333333,"Absent",0
"185","42002",3,"CHX",1,"LS","Experienced","LS5",20170609,1075.51,0,0,1,0,88,1,0,1,345,1,5,20170609,21,17,51,"notebook","",70,0.333333333333333,"Absent",0
"186","42002",7,"CHX",1,"IB","Experienced","IB2",20170707,77.712,0,0,1,0,89,0,0,NA,349,1,9,20170707,49,4,32,"notebook","",92,0.125,"Absent",1
"187","42002",7,"CHX",1,"IB","Experienced","IB3",20170707,183.094,0,0,1,0,90,0,0,NA,349,1,9,20170707,49,4,32,"notebook","",92,0.125,"Absent",1
"188","42002",7,"CHX",1,"IB","Experienced","IB4",20170707,409.681,0,0,1,0,91,0,1,0,349,1,9,20170707,49,4,32,"notebook","",92,0.125,"Absent",1
"189","42002",7,"CHX",1,"LS","Experienced","LS2",20170707,394.591,0,0,0.875,0,92,0,2,0,349,1,9,20170707,49,4,32,"notebook","",92,0.125,"Absent",0
"190","42002",7,"CHX",1,"LS","Experienced","LS3",20170707,1258.06,0,0,1,0,93,0,0,NA,349,1,9,20170707,49,4,32,"notebook","",92,0.125,"Absent",0
"191","42002",7,"CHX",1,"LS","Experienced","LS4",20170707,1413.487,0,0,1,0,94,0,0,NA,349,1,9,20170707,49,4,32,"notebook","",92,0.125,"Absent",0
"192","42002",11,"CHX",1,"IB","Experienced","IB1",20171130,60.022,0,0,0.333333333333333,0,95,0,0,NA,354,1,14,20170804,77,1,4,"notebook","notebook",97,0.25,"Absent",1
"193","42002",11,"CHX",1,"LS","Experienced","LS2",20171130,1213.532,0,0,0.75,0,98,0,0,NA,354,1,14,20170804,77,1,4,"notebook","notebook",97,0.25,"Absent",0
"194","42002",11,"CHX",2,"IB","Naive","IB2",20171130,302.25,0,0,0,0,96,0,0,NA,360,2,14,20170804,77,1,4,"notebook","notebook",0,0.25,"Absent",1
"195","42002",11,"CHX",2,"LS","Naive","LS1",20171130,289.528,0,0,0,0,97,0,0,NA,360,2,14,20170804,77,1,4,"notebook","notebook",0,0.25,"Absent",0
"196","42002",15,"CHX",2,"LS","Naive","LS1",20170901,67.306,0,0,0,0,100,0,0,NA,365,2,19,20170901,105,1,3,"notebook","notebook",1,0.333333333333333,"Absent",0
"197","42002",15,"CHX",2,"LS","Naive","LS1",20170901,67.306,0,0,0,0,100,0,0,NA,366,2,20,20170901,105,1,3,"notebook","",2,0.333333333333333,"Absent",0
"198","42002",15,"CHX",3,"LS","Naive","LS3",20170901,1480.115,0,0,0,0,102,0,0,NA,375,3,20,20170901,105,0,1,"notebook","",0,0,"Absent",0
"199","42002",15,"CHX",3,"LS","Naive","LS3",20170901,1480.115,0,0,0,0,102,0,0,NA,374,3,19,20170901,105,0,1,"notebook","notebook",0,0,"Absent",0
"200","42002",15,"CHX",7,"IB","Naive","IB1",20170901,1702.368,0,0,0,0,99,0,1,0,NA,NA,NA,NA,NA,NA,NA,NA,NA,NA,NA,"Absent",1
"201","42002",15,"CHX",7,"LS","Naive","LS2",20170901,1247.879,0,0,0,0,101,0,0,NA,NA,NA,NA,NA,NA,NA,NA,NA,NA,NA,NA,"Absent",0
"202","42002",19,"CHX",2,"LS","Naive","LS6",20170929,953.388,0,0,0,0,104,0,0,NA,368,2,22,20170929,133,0,10,"notebook","notebook",2,0,"Absent",0
"203","42002",19,"CHX",2,"LS","Naive","LS9",20170929,1272.994,0,0,0,0,105,0,0,NA,368,2,22,20170929,133,0,10,"notebook","notebook",2,0,"Absent",0
"204","42002",19,"CHX",3,"LS","Naive","LS2",20170929,249.646,0,0,0,0,103,0,1,0,377,3,22,20170929,133,0,2,"notebook","notebook",0,0,"Absent",0
"205","51301",3,"Control",1,"IB","Experienced","IB2",20170609,431.087,1,0,1,1,281,2,1,0.666666666666667,387,1,5,20170609,21,49,102,"Boris.og","Boris.og",251,0.480392156862745,"Preset",1
"206","51301",3,"Control",1,"IB","Experienced","IB3",20170609,701.317,2,2,1,4,282,0,0,NA,387,1,5,20170609,21,49,102,"Boris.og","Boris.og",251,0.480392156862745,"Preset",1
"207","51301",3,"Control",1,"IB","Experienced","IB5",20170609,1668.681,0,1,0.95,1,283,0,2,0,387,1,5,20170609,21,49,102,"Boris.og","Boris.og",251,0.480392156862745,"Preset",1
"208","51301",3,"Control",1,"LS","Experienced","LS4",20170609,1296.133,1,1,0.9375,2,284,1,0,1,387,1,5,20170609,21,49,102,"Boris.og","Boris.og",251,0.480392156862745,"Preset",0
"209","51301",3,"Control",1,"LS","Experienced","LS6",20170609,1482.882,0,0,0.909090909090909,0,285,1,0,1,387,1,5,20170609,21,49,102,"Boris.og","Boris.og",251,0.480392156862745,"Absent",0
"210","51301",3,"Control",1,"LS","Experienced","LS7",20170609,1656.344,0,0,0.947368421052632,0,286,0,0,NA,387,1,5,20170609,21,49,102,"Boris.og","Boris.og",251,0.480392156862745,"Absent",0
"211","51301",15,"Control",4,"LS","Naive","LS1",20170901,361.93,0,0,0,0,293,0,0,NA,401,4,17,20170901,105,0,1,"Boris.og","Boris.og",0,0,"Absent",0
"212","51301",19,"Control",3,"LS","Naive","LS1",20170929,93.772,0,0,0,0,294,0,0,NA,400,3,19,20170929,133,0,3,"Boris.og","Boris.og",2,0,"Absent",0
"213","51301",19,"Control",4,"LS","Naive","LS3",20170929,563.23,0,0,0,0,295,0,1,0,403,4,19,20170929,133,0,2,"Boris.og","Boris.og",0,0,"Absent",0
"214","51301",19,"Control",4,"LS","Naive","LS4",20170929,987.316,0,0,0,0,296,0,0,NA,403,4,19,20170929,133,0,2,"Boris.og","Boris.og",0,0,"Absent",0
"215","51302",3,"Control",1,"IB","Experienced","IB3",20170609,1029.389,0,0,1,0,297,2,0,1,407,1,5,20170609,21,73,95,"Boris.og","Boris.og",273,0.768421052631579,"Absent",1
"216","51302",3,"Control",1,"IB","Experienced","IB4",20170609,1221.817,0,0,1,0,298,2,0,1,407,1,5,20170609,21,73,95,"Boris.og","Boris.og",273,0.768421052631579,"Absent",1
"217","51302",3,"Control",1,"IB","Experienced","IB5",20170609,1584.15,0,0,1,0,299,1,1,0.5,407,1,5,20170609,21,73,95,"Boris.og","Boris.og",273,0.768421052631579,"Absent",1
"218","51302",3,"Control",1,"LS","Experienced","LS2",20170609,285.733,0,0,1,0,300,0,0,NA,407,1,5,20170609,21,73,95,"Boris.og","Boris.og",273,0.768421052631579,"Absent",0
"219","51302",3,"Control",1,"LS","Experienced","LS5",20170609,581.602,0,0,1,0,301,1,0,1,407,1,5,20170609,21,73,95,"Boris.og","Boris.og",273,0.768421052631579,"Absent",0
"220","51302",3,"Control",1,"LS","Experienced","LS7",20170609,621.655,0,0,1,0,302,2,0,1,407,1,5,20170609,21,73,95,"Boris.og","Boris.og",273,0.768421052631579,"Absent",0
"221","51302",7,"Control",1,"LS","Experienced","LS5",20170707,395.789,0,1,0.260869565217391,1,307,0,2,0,411,1,9,20170707,49,5,11,"Boris.og","Boris.og",406,0.454545454545455,"Preset",0
"222","51302",7,"Control",2,"IB","Naive","IB1",20170707,377.299,1,0,0.24,1,303,0,1,0,415,2,9,20170707,49,15,50,"Boris.og","Boris.og",0,0.3,"Preset",1
"223","51302",7,"Control",2,"IB","Naive","IB3",20170707,1357.399,0,0,0.285714285714286,0,304,0,1,0,415,2,9,20170707,49,15,50,"Boris.og","Boris.og",0,0.3,"Absent",1
"224","51302",7,"Control",2,"IB","Naive","IB4",20170707,1653.007,0,0,0.5,0,305,0,3,0,415,2,9,20170707,49,15,50,"Boris.og","Boris.og",0,0.3,"Absent",1
"225","51302",7,"Control",2,"LS","Naive","LS6",20170707,665.026,0,0,0.333333333333333,0,308,0,2,0,415,2,9,20170707,49,15,50,"Boris.og","Boris.og",0,0.3,"Absent",0
"226","51302",7,"Control",3,"LS","Naive","LS1",20170707,49.877,0,0,0.25,0,306,0,0,NA,430,3,9,20170707,49,1,5,"Boris.og","Boris.og",3,0.2,"Absent",0
"227","51302",11,"Control",2,"IB","Naive","IB2",20170804,233.338,0,0,0,0,309,0,0,NA,419,2,13,20170804,77,46,83,"Boris.og","Boris.og",32,0.55421686746988,"Absent",1
"228","51302",11,"Control",2,"IB","Naive","IB3",20170804,406.675,0,0,0.111111111111111,0,310,0,1,0,419,2,13,20170804,77,46,83,"Boris.og","Boris.og",32,0.55421686746988,"Absent",1
"229","51302",11,"Control",2,"IB","Naive","IB4",20170804,588.083,1,0,0.111111111111111,1,311,1,1,0.5,419,2,13,20170804,77,46,83,"Boris.og","Boris.og",32,0.55421686746988,"Preset",1
"230","51302",11,"Control",2,"LS","Naive","LS2",20170804,349.23,0,0,0.1,0,313,2,0,1,419,2,13,20170804,77,46,83,"Boris.og","Boris.og",32,0.55421686746988,"Absent",0
"231","51302",11,"Control",2,"LS","Naive","LS4",20170804,1080.118,1,0,0,1,314,0,1,0,419,2,13,20170804,77,46,83,"Boris.og","Boris.og",32,0.55421686746988,"Preset",0
"232","51302",11,"Control",3,"LS","Naive","LS1",20170804,208.809,0,0,0.166666666666667,0,312,0,1,0,433,3,13,20170804,77,4,20,"Boris.og","Boris.og",4,0.2,"Absent",0
"233","51302",15,"Control",2,"LS","Naive","LS1",20170901,179.418,0,0,0,0,315,0,0,NA,423,2,17,20170901,105,0,4,"Boris.og","Boris.og",92,0,"Absent",0
"234","51302",15,"Control",2,"LS","Naive","LS3",20170901,390.358,0,0,0.2,0,317,0,0,NA,423,2,17,20170901,105,0,4,"Boris.og","Boris.og",92,0,"Absent",0
"235","51302",15,"Control",3,"LS","Naive","LS2",20170901,257.034,0,0,0,0,316,0,1,0,437,3,17,20170901,105,0,1,"Boris.og","Boris.og",13,0,"Absent",0
"236","51302",19,"Control",3,"LS","Naive","LS7",20170929,1298.464,0,0,0,0,320,0,2,0,438,3,21,20170929,133,0,14,"Boris.og","Boris.og",13,0,"Absent",0
"237","51302",19,"Control",4,"LS","Naive","LS6",20170929,1242.07,0,0,0.2,0,319,0,2,0,439,4,21,20170929,133,0,4,"Boris.og","Boris.og",0,0,"Absent",0
"238","51302",19,"Control",6,"LS","Naive","LS5",20170929,1204.229,0,0,0,0,318,0,0,NA,443,6,21,20170929,133,0,3,"Boris.og","Boris.og",0,0,"Absent",0
"239","51303",3,"Control",1,"IB","Experienced","IB1",20170609,286.077,0,0,1,0,321,1,2,0.333333333333333,449,1,6,20170609,21,45,79,"Boris.og","Boris.og",225,0.569620253164557,"Absent",1
"240","51303",3,"Control",1,"IB","Experienced","IB3",20170609,1223.84,0,0,0.818181818181818,0,322,1,0,1,449,1,6,20170609,21,45,79,"Boris.og","Boris.og",225,0.569620253164557,"Absent",1
"241","51303",3,"Control",1,"IB","Experienced","IB4",20170609,1615.804,0,0,0.909090909090909,0,323,1,1,0.5,449,1,6,20170609,21,45,79,"Boris.og","Boris.og",225,0.569620253164557,"Absent",1
"242","51303",3,"Control",1,"LS","Experienced","LS3",20170609,599.808,0,0,0.933333333333333,0,324,0,1,0,449,1,6,20170609,21,45,79,"Boris.og","Boris.og",225,0.569620253164557,"Absent",0
"243","51303",3,"Control",1,"LS","Experienced","LS5",20170609,913.598,0,0,0.777777777777778,0,325,1,1,0.5,449,1,6,20170609,21,45,79,"Boris.og","Boris.og",225,0.569620253164557,"Absent",0
"244","51303",3,"Control",1,"LS","Experienced","LS9",20170609,1641.066,0,0,1,0,326,0,2,0,449,1,6,20170609,21,45,79,"Boris.og","Boris.og",225,0.569620253164557,"Absent",0
"245","51303",11,"Control",2,"IB","Naive","IB1",20170804,307.513,0,0,0,0,327,0,2,0,462,2,14,20170804,77,1,27,"Boris.og","Boris.og",56,0.037037037037037,"Absent",1
"246","51303",11,"Control",2,"LS","Naive","LS1",20170804,347.303,1,0,0,1,328,1,2,0.333333333333333,462,2,14,20170804,77,1,27,"Boris.og","Boris.og",56,0.037037037037037,"Preset",0
"247","51303",15,"Control",1,"LS","Experienced","LS8",20170901,330.204,1,0,0.333333333333333,1,334,0,2,0,455,1,18,20170901,105,1,13,"Boris.og","Boris.og",288,0.0769230769230769,"Preset",0
"248","51303",15,"Control",3,"IB","Naive","IB4",20170901,1212.57,0,1,0,1,329,0,0,NA,474,3,18,20170901,105,5,24,"Boris.og","Boris.og",7,0.208333333333333,"Preset",1
"249","51303",15,"Control",3,"IB","Naive","IB5",20170901,1696.487,0,0,0,0,330,1,0,1,474,3,18,20170901,105,5,24,"Boris.og","Boris.og",7,0.208333333333333,"Absent",1
"250","51303",15,"Control",3,"LS","Naive","LS10",20170901,394.792,0,0,0,0,332,0,1,0,474,3,18,20170901,105,5,24,"Boris.og","Boris.og",7,0.208333333333333,"Absent",0
"251","51303",15,"Control",3,"LS","Naive","LS6",20170901,285.314,0,0,0,0,333,0,2,0,474,3,18,20170901,105,5,24,"Boris.og","Boris.og",7,0.208333333333333,"Absent",0
"252","51303",19,"Control",3,"LS","Naive","LS1",20170929,158.425,0,0,NA,0,335,0,0,NA,475,3,21,20170929,133,0,3,"Boris.og","Boris.og",12,0,"Absent",0
"253","51303",19,"Control",3,"LS","Naive","LS2",20170929,417.297,0,0,0,0,336,0,0,NA,475,3,21,20170929,133,0,3,"Boris.og","Boris.og",12,0,"Absent",0
"254","51303",19,"Control",3,"LS","Naive","LS3",20170929,481.699,0,0,0,0,337,0,0,NA,475,3,21,20170929,133,0,3,"Boris.og","Boris.og",12,0,"Absent",0
"255","52001",3,"CHX",1,"IB","Experienced","IB1",20170627,921.69,0,0,0.9,0,106,0,1,0,482,1,6,20170627,21,2,43,"notebook","notebook",2,0.0465116279069767,"Absent",1
"256","52001",3,"CHX",1,"IB","Experienced","IB2",20170627,1272.746,0,0,0.833333333333333,0,107,0,1,0,482,1,6,20170627,21,2,43,"notebook","notebook",2,0.0465116279069767,"Absent",1
"257","52001",3,"CHX",1,"LS","Experienced","LS2",20170627,852.109,0,0,1,0,109,0,0,NA,482,1,6,20170627,21,2,43,"notebook","notebook",2,0.0465116279069767,"Absent",0
"258","52001",3,"CHX",2,"LS","Naive","LS1",20170627,375.761,0,0,0.9,0,108,0,2,0,484,2,6,20170627,21,0,6,"notebook","notebook",0,0,"Absent",0
"259","52001",11,"CHX",2,"LS","Naive","LS1",20170822,921.16,0,0,0,0,112,0,3,0,494,2,16,20170822,77,0,14,"Boris.og","Boris.og",8,0,"Absent",0
"260","52001",11,"CHX",3,"IB","Naive","IB1",20170822,92.824,0,1,0,1,110,0,1,0,501,3,16,20170822,77,2,61,"Boris.og","Boris.og",16,0.0327868852459016,"Preset",1
"261","52001",11,"CHX",3,"IB","Naive","IB2",20170822,1373.438,2,0,0,2,111,0,1,0,501,3,16,20170822,77,2,61,"Boris.og","Boris.og",16,0.0327868852459016,"Preset",1
"262","52001",11,"CHX",3,"LS","Naive","LS2",20170822,1053.201,1,0,0,1,113,0,2,0,501,3,16,20170822,77,2,61,"Boris.og","Boris.og",16,0.0327868852459016,"Preset",0
"263","52001",15,"CHX",3,"LS","Naive","LS10",20170919,1525.422,0,0,0,0,115,0,0,NA,505,3,20,20170919,105,0,25,"Boris.og","Boris.og",18,0,"Absent",0
"264","52001",15,"CHX",3,"LS","Naive","LS3",20170919,337.899,1,1,0,2,116,0,0,NA,505,3,20,20170919,105,0,25,"Boris.og","Boris.og",18,0,"Preset",0
"265","52001",15,"CHX",4,"IB","Naive","IB1",20170919,25.796,0,0,0,0,114,0,0,NA,512,4,20,20170919,105,1,8,"Boris.og","Boris.og",1,0.125,"Absent",1
"266","52001",15,"CHX",8,"LS","Naive","LS5",20170919,507.61,1,2,0,3,117,0,0,NA,515,8,20,20170919,105,1,6,"Boris.og","Boris.og",0,0.166666666666667,"Preset",0
"267","52002",3,"Control",1,"IB","Experienced","IB2",20170627,299.93,0,0,0.9,0,338,0,0,NA,520,1,6,20170627,21,31,91,"Boris.og","Boris.og",118,0.340659340659341,"Absent",1
"268","52002",3,"Control",1,"IB","Experienced","IB3",20170627,839.673,0,0,1,0,339,0,0,NA,520,1,6,20170627,21,31,91,"Boris.og","Boris.og",118,0.340659340659341,"Absent",1
"269","52002",3,"Control",1,"IB","Experienced","IB5",20170627,1571.638,0,0,1,0,340,0,1,0,520,1,6,20170627,21,31,91,"Boris.og","Boris.og",118,0.340659340659341,"Absent",1
"270","52002",3,"Control",1,"LS","Experienced","LS1",20170627,179.801,0,0,1,0,341,1,0,1,520,1,6,20170627,21,31,91,"Boris.og","Boris.og",118,0.340659340659341,"Absent",0
"271","52002",3,"Control",1,"LS","Experienced","LS2",20170627,462.495,0,0,1,0,342,0,1,0,520,1,6,20170627,21,31,91,"Boris.og","Boris.og",118,0.340659340659341,"Absent",0
"272","52002",3,"Control",1,"LS","Experienced","LS3",20170627,531.724,0,0,0.952380952380952,0,343,0,1,0,520,1,6,20170627,21,31,91,"Boris.og","Boris.og",118,0.340659340659341,"Absent",0
"273","52002",7,"Control",1,"LS","Experienced","LS4",20170725,586.569,0,0,0.166666666666667,0,348,0,0,NA,524,1,10,20170725,49,1,7,"Boris.og","Boris.og",167,0.142857142857143,"Absent",0
"274","52002",7,"Control",1,"LS","Experienced","LS5",20170725,1035.97,0,1,0.25,1,349,0,0,NA,524,1,10,20170725,49,1,7,"Boris.og","Boris.og",167,0.142857142857143,"Preset",0
"275","52002",7,"Control",2,"IB","Naive","IB2",20170725,124.443,0,0,0.111111111111111,0,344,0,0,NA,529,2,10,20170725,49,9,27,"Boris.og","Boris.og",6,0.333333333333333,"Absent",1
"276","52002",7,"Control",2,"IB","Naive","IB3",20170725,501.319,1,0,0,1,345,0,0,NA,529,2,10,20170725,49,9,27,"Boris.og","Boris.og",6,0.333333333333333,"Preset",1
"277","52002",7,"Control",2,"IB","Naive","IB5",20170725,616.352,0,0,0.142857142857143,0,346,0,0,NA,529,2,10,20170725,49,9,27,"Boris.og","Boris.og",6,0.333333333333333,"Absent",1
"278","52002",7,"Control",2,"LS","Naive","LS2",20170725,345.879,0,0,0.125,0,347,0,1,0,529,2,10,20170725,49,9,27,"Boris.og","Boris.og",6,0.333333333333333,"Absent",0
"279","52002",11,"Control",2,"IB","Naive","IB3",20170822,1043.141,0,0,0,0,351,0,2,0,533,2,14,20170822,77,24,63,"Boris.og","Boris.og",97,0.380952380952381,"Absent",1
"280","52002",11,"Control",2,"LS","Naive","LS2",20170822,708.438,0,0,0,0,353,0,0,NA,533,2,14,20170822,77,24,63,"Boris.og","Boris.og",97,0.380952380952381,"Absent",0
"281","52002",11,"Control",2,"LS","Naive","LS5",20170822,1635.634,0,2,0,2,355,0,2,0,533,2,14,20170822,77,24,63,"Boris.og","Boris.og",97,0.380952380952381,"Preset",0
"282","52002",11,"Control",3,"IB","Naive","IB1",20170822,599.734,0,0,0,0,350,0,4,0,541,3,14,20170822,77,9,44,"Boris.og","Boris.og",23,0.204545454545455,"Absent",1
"283","52002",11,"Control",3,"IB","Naive","IB4",20170822,1300.337,0,1,0,1,352,1,0,1,541,3,14,20170822,77,9,44,"Boris.og","Boris.og",23,0.204545454545455,"Preset",1
"284","52002",11,"Control",3,"LS","Naive","LS4",20170822,1508.207,0,2,0,2,354,0,3,0,541,3,14,20170822,77,9,44,"Boris.og","Boris.og",23,0.204545454545455,"Preset",0
"285","52002",15,"Control",3,"IB","Naive","IB4",20170919,356.127,0,0,0,0,356,0,0,NA,544,3,17,20170919,105,15,49,"Boris.og","Boris.og",78,0.306122448979592,"Absent",1
"286","52002",15,"Control",3,"IB","Naive","IB6",20170919,628.565,0,0,0,0,357,0,1,0,544,3,17,20170919,105,15,49,"Boris.og","Boris.og",78,0.306122448979592,"Absent",1
"287","52002",15,"Control",3,"IB","Naive","IB9",20170919,1125.23,0,0,0,0,358,0,0,NA,544,3,17,20170919,105,15,49,"Boris.og","Boris.og",78,0.306122448979592,"Absent",1
"288","52002",15,"Control",3,"LS","Naive","LS5",20170919,556.427,0,0,0,0,359,1,1,0.5,544,3,17,20170919,105,15,49,"Boris.og","Boris.og",78,0.306122448979592,"Absent",0
"289","52002",15,"Control",3,"LS","Naive","LS8",20170919,985.826,0,1,0,1,360,0,2,0,544,3,17,20170919,105,15,49,"Boris.og","Boris.og",78,0.306122448979592,"Preset",0
"290","52002",15,"Control",3,"LS","Naive","LS9",20170919,1079.015,0,0,0,0,361,0,1,0,544,3,17,20170919,105,15,49,"Boris.og","Boris.og",78,0.306122448979592,"Absent",0
"291","52002",19,"Control",7,"IB","Naive","IB6",20171017,346.467,1,0,0,1,363,0,1,0,551,7,20,20171017,133,13,18,"Boris.og","Boris.og",0,0.722222222222222,"Preset",1
"292","52002",19,"Control",7,"IB","Naive","IB7",20171017,878.034,0,0,0,0,364,0,0,NA,551,7,20,20171017,133,13,18,"Boris.og","Boris.og",0,0.722222222222222,"Absent",1
"293","52002",19,"Control",8,"IB","Naive","IB3",20171017,240.43,0,0,0,0,362,0,0,NA,554,8,20,20171017,133,6,19,"Boris.og","Boris.og",0,0.315789473684211,"Absent",1
"294","52002",19,"Control",8,"LS","Naive","LS6",20171017,1188.379,0,0,0,0,366,0,0,NA,554,8,20,20171017,133,6,19,"Boris.og","Boris.og",0,0.315789473684211,"Absent",0
"295","52002",19,"Control",9,"LS","Naive","LS1",20171017,236.783,0,0,0,0,365,0,0,NA,557,9,20,20171017,133,2,12,"Boris.og","Boris.og",0,0.166666666666667,"Absent",0
"296","52002",19,"Control",9,"LS","Naive","LS7",20171017,1313.477,1,0,0,1,367,0,2,0,557,9,20,20171017,133,2,12,"Boris.og","Boris.og",0,0.166666666666667,"Preset",0
"297","52501",3,"CHX",1,"IB","Experienced","IB1",20170627,249.646,1,1,1,2,118,0,0,NA,563,1,5,20170627,21,6,51,"Boris.og","Boris.og",8,0.117647058823529,"Preset",1
"298","52501",3,"CHX",1,"IB","Experienced","IB3",20170627,437.64,0,0,1,0,119,0,0,NA,563,1,5,20170627,21,6,51,"Boris.og","Boris.og",8,0.117647058823529,"Absent",1
"299","52501",3,"CHX",1,"LS","Experienced","LS3",20170627,557.295,0,0,1,0,120,0,2,0,563,1,5,20170627,21,6,51,"Boris.og","Boris.og",8,0.117647058823529,"Absent",0
"300","52501",3,"CHX",1,"LS","Experienced","LS5",20170627,911.13,2,0,1,2,121,0,1,0,563,1,5,20170627,21,6,51,"Boris.og","Boris.og",8,0.117647058823529,"Preset",0
"301","52501",3,"CHX",1,"LS","Experienced","LS9",20170627,1538.674,0,0,1,0,122,0,2,0,563,1,5,20170627,21,6,51,"Boris.og","Boris.og",8,0.117647058823529,"Absent",0
"302","52501",7,"CHX",1,"IB","Experienced","IB5",20170725,650.785,2,0,0.285714285714286,2,125,0,1,0,568,1,10,20170725,49,2,9,"Boris.og","Boris.og",14,0.222222222222222,"Preset",1
"303","52501",7,"CHX",2,"IB","Naive","IB1",20170725,50.773,0,0,0.444444444444444,0,123,0,0,NA,572,2,10,20170725,49,6,58,"Boris.og","Boris.og",0,0.103448275862069,"Absent",1
"304","52501",7,"CHX",2,"IB","Naive","IB3",20170725,109.981,1,1,0.285714285714286,2,124,0,0,NA,572,2,10,20170725,49,6,58,"Boris.og","Boris.og",0,0.103448275862069,"Preset",1
"305","52501",7,"CHX",2,"LS","Naive","LS2",20170725,328.459,1,0,0.384615384615385,1,126,0,0,NA,572,2,10,20170725,49,6,58,"Boris.og","Boris.og",0,0.103448275862069,"Preset",0
"306","52501",7,"CHX",2,"LS","Naive","LS3",20170725,707.956,3,0,0.142857142857143,3,127,1,0,1,572,2,10,20170725,49,6,58,"Boris.og","Boris.og",0,0.103448275862069,"Preset",0
"307","52501",7,"CHX",2,"LS","Naive","LS4",20170725,1343.314,4,0,0.0769230769230769,4,128,0,0,NA,572,2,10,20170725,49,6,58,"Boris.og","Boris.og",0,0.103448275862069,"Preset",0
"308","52501",11,"CHX",3,"IB","Naive","IB2",20170822,404.608,0,1,0,1,130,1,0,1,583,3,15,20170822,77,5,54,"Boris.og","Boris.og",7,0.0925925925925926,"Preset",1
"309","52501",11,"CHX",3,"LS","Naive","LS2",20170822,733.937,2,0,0,2,133,0,1,0,583,3,15,20170822,77,5,54,"Boris.og","Boris.og",7,0.0925925925925926,"Preset",0
"310","52501",11,"CHX",3,"LS","Naive","LS3",20170822,1152.79,3,1,0,4,134,0,1,0,583,3,15,20170822,77,5,54,"Boris.og","Boris.og",7,0.0925925925925926,"Preset",0
"311","52501",11,"CHX",3,"IB","Naive","IB1",20170822,171.195,0,1,0,1,129,0,0,NA,583,3,15,20170822,77,5,54,"Boris.og","Boris.og",7,0.0925925925925926,"Preset",1
"312","52501",11,"CHX",3,"IB","Naive","IB5",20170822,951.669,2,0,0,2,131,0,0,NA,583,3,15,20170822,77,5,54,"Boris.og","Boris.og",7,0.0925925925925926,"Preset",1
"313","52501",11,"CHX",4,"LS","Naive","LS1",20170822,158.26,1,0,0,1,132,0,1,0,590,4,15,20170822,77,0,5,"Boris.og","Boris.og",0,0,"Preset",0
"314","52501",15,"CHX",5,"IB","Naive","IB1",20170919,424.876,0,0,0,0,135,0,0,NA,601,5,19,20170919,105,12,35,"Boris.og","Boris.og",6,0.342857142857143,"Absent",1
"315","52501",15,"CHX",5,"IB","Naive","IB10",20170919,1704.534,0,0,0,0,136,0,0,NA,601,5,19,20170919,105,12,35,"Boris.og","Boris.og",6,0.342857142857143,"Absent",1
"316","52501",15,"CHX",5,"LS","Naive","LS1",20170919,59.698,1,0,0,1,138,0,0,NA,601,5,19,20170919,105,12,35,"Boris.og","Boris.og",6,0.342857142857143,"Preset",0
"317","52501",15,"CHX",6,"IB","Naive","IB8",20170919,1471.473,0,0,0,0,137,0,0,NA,605,6,19,20170919,105,5,26,"Boris.og","Boris.og",0,0.192307692307692,"Absent",1
"318","52501",15,"CHX",6,"LS","Naive","LS3",20170919,208.47,1,0,0,1,139,0,0,NA,605,6,19,20170919,105,5,26,"Boris.og","Boris.og",0,0.192307692307692,"Preset",0
"319","52501",15,"CHX",6,"LS","Naive","LS6",20170919,424.876,0,0,0,0,140,0,2,0,605,6,19,20170919,105,5,26,"Boris.og","Boris.og",0,0.192307692307692,"Absent",0
"320","52501",19,"CHX",6,"IB","Naive","IB1",20171017,553.126,0,0,0,0,141,0,0,NA,608,6,22,20171017,133,2,30,"Boris.og","Boris.og",6,0.0666666666666667,"Absent",1
"321","52501",19,"CHX",6,"IB","Naive","IB2",20171017,1637.67,1,0,0,1,142,0,0,NA,608,6,22,20171017,133,2,30,"Boris.og","Boris.og",6,0.0666666666666667,"Preset",1
"322","52501",19,"CHX",6,"LS","Naive","LS7",20171017,1414.482,1,0,0,1,143,0,2,0,608,6,22,20171017,133,2,30,"Boris.og","Boris.og",6,0.0666666666666667,"Preset",0
"323","52501",19,"CHX",6,"LS","Naive","LS8",20171017,1656.414,0,0,0,0,144,0,0,NA,608,6,22,20171017,133,2,30,"Boris.og","Boris.og",6,0.0666666666666667,"Absent",0
"324","52502",3,"CHX",1,"IB","Experienced","IB1",20170627,204.683,0,0,1,0,145,0,1,0,617,1,5,20170627,21,4,34,"Boris.og","Boris.og",9,0.117647058823529,"Absent",1
"325","52502",3,"CHX",1,"LS","Experienced","LS3",20170627,703.01,0,0,1,0,146,0,1,0,617,1,5,20170627,21,4,34,"Boris.og","Boris.og",9,0.117647058823529,"Absent",0
"326","52502",3,"CHX",1,"LS","Experienced","LS4",20170627,704.771,0,0,1,0,147,0,1,0,617,1,5,20170627,21,4,34,"Boris.og","Boris.og",9,0.117647058823529,"Absent",0
"327","52502",3,"CHX",1,"LS","Experienced","LS7",20170627,872.069,0,0,1,0,148,0,0,NA,617,1,5,20170627,21,4,34,"Boris.og","Boris.og",9,0.117647058823529,"Absent",0
"328","52502",7,"CHX",1,"IB","Experienced","IB1",20170725,412.917,1,1,0.6,2,149,0,0,NA,622,1,10,20170725,49,1,28,"Boris.og","Boris.og",14,0.0357142857142857,"Preset",1
"329","52502",7,"CHX",2,"LS","Naive","LS1",20170725,111.314,2,0,0.5,2,150,0,0,NA,626,2,10,20170725,49,0,16,"Boris.og","Boris.og",0,0,"Preset",0
"330","52502",11,"CHX",5,"IB","Naive","IB1",20170822,122.411,3,0,0,3,151,1,3,0.25,636,5,14,20170822,77,20,96,"Boris.og","Boris.og",0,0.208333333333333,"Preset",1
"331","52502",11,"CHX",5,"IB","Naive","IB3",20170822,1058.266,2,1,0,3,152,1,0,1,636,5,14,20170822,77,20,96,"Boris.og","Boris.og",0,0.208333333333333,"Preset",1
"332","52502",11,"CHX",5,"LS","Naive","LS4",20170822,1174.321,4,0,0,4,155,0,1,0,636,5,14,20170822,77,20,96,"Boris.og","Boris.og",0,0.208333333333333,"Preset",0
"333","52502",11,"CHX",5,"LS","Naive","LS5",20170822,1747.829,2,0,0,2,156,0,0,NA,636,5,14,20170822,77,20,96,"Boris.og","Boris.og",0,0.208333333333333,"Preset",0
"334","52502",11,"CHX",5,"IB","Naive","IB4",20170822,1281.632,4,1,0,5,153,0,1,0,636,5,14,20170822,77,20,96,"Boris.og","Boris.og",0,0.208333333333333,"Preset",1
"335","52502",11,"CHX",5,"LS","Naive","LS3",20170822,522.949,2,0,0,2,154,0,0,NA,636,5,14,20170822,77,20,96,"Boris.og","Boris.og",0,0.208333333333333,"Preset",0
"336","52502",19,"CHX",6,"IB","Naive","IB1",20171017,309.163,1,0,0,1,157,0,1,0,644,6,20,20171017,133,3,35,"Boris.og","Boris.og",4,0.0857142857142857,"Preset",1
"337","52502",19,"CHX",6,"IB","Naive","IB2",20171017,625.15,2,0,0,2,158,0,0,NA,644,6,20,20171017,133,3,35,"Boris.og","Boris.og",4,0.0857142857142857,"Preset",1
"338","52502",19,"CHX",6,"IB","Naive","IB5",20171017,1744.734,5,0,0,5,159,0,0,NA,644,6,20,20171017,133,3,35,"Boris.og","Boris.og",4,0.0857142857142857,"Preset",1
"339","52502",19,"CHX",6,"LS","Naive","LS1",20171017,146.841,2,0,0,2,160,0,0,NA,644,6,20,20171017,133,3,35,"Boris.og","Boris.og",4,0.0857142857142857,"Preset",0
"340","52502",19,"CHX",6,"LS","Naive","LS4",20171017,360.159,1,0,0,1,161,0,1,0,644,6,20,20171017,133,3,35,"Boris.og","Boris.og",4,0.0857142857142857,"Preset",0
"341","52502",19,"CHX",6,"LS","Naive","LS8",20171017,1511.687,3,1,0,4,162,0,1,0,644,6,20,20171017,133,3,35,"Boris.og","Boris.og",4,0.0857142857142857,"Preset",0
"342","52503",3,"Control",1,"IB","Experienced","IB1",20170627,288.768,0,0,1,0,368,1,0,1,655,1,5,20170627,21,49,107,"notebook","notebook",121,0.457943925233645,"Absent",1
"343","52503",3,"Control",1,"IB","Experienced","IB3",20170627,1442.519,0,0,0.952380952380952,0,369,1,3,0.25,655,1,5,20170627,21,49,107,"notebook","notebook",121,0.457943925233645,"Absent",1
"344","52503",3,"Control",1,"IB","Experienced","IB4",20170627,1515.862,1,0,1,1,370,1,0,1,655,1,5,20170627,21,49,107,"notebook","notebook",121,0.457943925233645,"Preset",1
"345","52503",3,"Control",1,"LS","Experienced","LS1",20170627,598.453,0,1,1,1,371,0,0,NA,655,1,5,20170627,21,49,107,"notebook","notebook",121,0.457943925233645,"Preset",0
"346","52503",3,"Control",1,"LS","Experienced","LS2",20170627,714.899,0,0,0.96,0,372,0,1,0,655,1,5,20170627,21,49,107,"notebook","notebook",121,0.457943925233645,"Absent",0
"347","52503",3,"Control",1,"LS","Experienced","LS8",20170627,1602.078,0,0,1,0,373,1,0,1,655,1,5,20170627,21,49,107,"notebook","notebook",121,0.457943925233645,"Absent",0
"348","52503",7,"Control",2,"IB","Naive","IB2",20170725,865.729,0,2,0.0666666666666667,2,374,0,0,NA,662,2,10,20170725,49,24,69,"Boris.og","Boris.og",3,0.347826086956522,"Preset",1
"349","52503",7,"Control",2,"IB","Naive","IB3",20170725,1133.153,3,0,0.416666666666667,3,375,2,2,0.5,662,2,10,20170725,49,24,69,"Boris.og","Boris.og",3,0.347826086956522,"Preset",1
"350","52503",7,"Control",2,"IB","Naive","IB4",20170725,1203.629,0,0,0.2,0,376,1,0,1,662,2,10,20170725,49,24,69,"Boris.og","Boris.og",3,0.347826086956522,"Absent",1
"351","52503",7,"Control",2,"LS","Naive","LS3",20170725,1132.761,3,1,0.416666666666667,4,377,1,1,0.5,662,2,10,20170725,49,24,69,"Boris.og","Boris.og",3,0.347826086956522,"Preset",0
"352","52503",7,"Control",2,"LS","Naive","LS4",20170725,1375.239,0,0,0.153846153846154,0,378,0,1,0,662,2,10,20170725,49,24,69,"Boris.og","Boris.og",3,0.347826086956522,"Absent",0
"353","52503",7,"Control",2,"LS","Naive","LS5",20170725,1660.298,0,0,0.4,0,379,1,1,0.5,662,2,10,20170725,49,24,69,"Boris.og","Boris.og",3,0.347826086956522,"Absent",0
"354","52503",11,"Control",2,"IB","Naive","IB3",20170822,1207.073,3,1,0,4,380,0,0,NA,667,2,15,20170822,77,6,62,"Boris.og","Boris.og",95,0.0967741935483871,"Preset",1
"355","52503",11,"Control",2,"IB","Naive","IB4",20170822,1457.332,1,0,0,1,381,0,2,0,667,2,15,20170822,77,6,62,"Boris.og","Boris.og",95,0.0967741935483871,"Preset",1
"356","52503",11,"Control",2,"IB","Naive","IB5",20170822,1582.353,0,1,0,1,382,0,0,NA,667,2,15,20170822,77,6,62,"Boris.og","Boris.og",95,0.0967741935483871,"Preset",1
"357","52503",11,"Control",2,"LS","Naive","LS1",20170822,475.476,0,2,0,2,383,0,2,0,667,2,15,20170822,77,6,62,"Boris.og","Boris.og",95,0.0967741935483871,"Preset",0
"358","52503",11,"Control",2,"LS","Naive","LS2",20170822,747.618,1,0,0,1,384,0,1,0,667,2,15,20170822,77,6,62,"Boris.og","Boris.og",95,0.0967741935483871,"Preset",0
"359","52503",11,"Control",2,"LS","Naive","LS4",20170822,1624.933,0,3,0,3,385,1,0,1,667,2,15,20170822,77,6,62,"Boris.og","Boris.og",95,0.0967741935483871,"Preset",0
"360","52503",15,"Control",6,"IB","Naive","IB2",20170919,155.122,0,0,0,0,386,1,0,1,680,6,19,20170919,105,3,15,"Boris.og","Boris.og",10,0.2,"Absent",1
"361","52503",15,"Control",6,"IB","Naive","IB6",20170919,692.624,1,0,0,1,388,0,1,0,680,6,19,20170919,105,3,15,"Boris.og","Boris.og",10,0.2,"Preset",1
"362","52503",15,"Control",6,"LS","Naive","LS4",20170919,353.939,0,0,0,0,389,0,2,0,680,6,19,20170919,105,3,15,"Boris.og","Boris.og",10,0.2,"Absent",0
"363","52503",15,"Control",6,"LS","Naive","LS8",20170919,513.946,0,0,0,0,391,0,2,0,680,6,19,20170919,105,3,15,"Boris.og","Boris.og",10,0.2,"Absent",0
"364","52503",15,"Control",7,"IB","Naive","IB5",20170919,487.986,0,0,0,0,387,0,1,0,686,7,19,20170919,105,3,6,"Boris.og","Boris.og",0,0.5,"Absent",1
"365","52503",15,"Control",7,"LS","Naive","LS6",20170919,470.074,0,0,0,0,390,0,2,0,686,7,19,20170919,105,3,6,"Boris.og","Boris.og",0,0.5,"Absent",0
"366","52503",19,"Control",6,"IB","Naive","IB3",20171017,238.097,0,0,0,0,393,0,0,NA,683,6,22,20171017,133,8,17,"Boris.og","Boris.og",14,0.470588235294118,"Absent",1
"367","52503",19,"Control",6,"LS","Naive","LS4",20171017,776.775,1,0,0,1,395,0,0,NA,683,6,22,20171017,133,8,17,"Boris.og","Boris.og",14,0.470588235294118,"Preset",0
"368","52503",19,"Control",7,"IB","Naive","IB2",20171017,169.205,0,0,0,0,392,0,0,NA,689,7,22,20171017,133,13,17,"Boris.og","Boris.og",3,0.764705882352941,"Absent",1
"369","52503",19,"Control",7,"IB","Naive","IB6",20171017,460.894,0,0,0,0,394,2,0,1,689,7,22,20171017,133,13,17,"Boris.og","Boris.og",3,0.764705882352941,"Absent",1
"370","52503",19,"Control",8,"LS","Naive","LS7",20171017,822.019,1,0,0,1,396,0,0,NA,692,8,22,20171017,133,2,7,"Boris.og","Boris.og",0,0.285714285714286,"Preset",0
"371","52503",19,"Control",8,"LS","Naive","LS9",20171017,1077.48,1,0,0,1,397,0,0,NA,692,8,22,20171017,133,2,7,"Boris.og","Boris.og",0,0.285714285714286,"Preset",0
"372","52504",7,"CHX",1,"IB","Experienced","IB1",20170725,813.371,1,0,0.911764705882353,1,163,0,0,NA,706,1,10,20170725,49,4,51,"Boris.og","Boris.og",10,0.0784313725490196,"Preset",1
"373","52504",7,"CHX",1,"IB","Experienced","IB2",20170725,1292.435,0,0,0.857142857142857,0,164,0,1,0,706,1,10,20170725,49,4,51,"Boris.og","Boris.og",10,0.0784313725490196,"Absent",1
"374","52504",7,"CHX",1,"IB","Experienced","IB4",20170725,1754.759,1,0,0.833333333333333,1,165,0,0,NA,706,1,10,20170725,49,4,51,"Boris.og","Boris.og",10,0.0784313725490196,"Preset",1
"375","52504",7,"CHX",1,"LS","Experienced","LS2",20170725,1348.034,1,0,0.791666666666667,1,166,0,1,0,706,1,10,20170725,49,4,51,"Boris.og","Boris.og",10,0.0784313725490196,"Preset",0
"376","52504",7,"CHX",1,"LS","Experienced","LS3",20170725,1515.988,0,0,0.869565217391304,0,167,0,1,0,706,1,10,20170725,49,4,51,"Boris.og","Boris.og",10,0.0784313725490196,"Absent",0
"377","52504",7,"CHX",1,"LS","Experienced","LS4",20170725,1552.281,0,0,0.80952380952381,0,168,0,0,NA,706,1,10,20170725,49,4,51,"Boris.og","Boris.og",10,0.0784313725490196,"Absent",0
"378","52504",11,"CHX",2,"LS","Naive","LS3",20170822,1721.331,7,2,0,9,172,0,1,0,715,2,15,20170822,77,1,45,"Boris.og","Boris.og",5,0.0222222222222222,"Preset",0
"379","52504",11,"CHX",3,"LS","Naive","LS1",20170822,649.205,8,1,0,9,171,0,0,NA,721,3,15,20170822,77,0,13,"Boris.og","Boris.og",0,0,"Preset",0
"380","52504",11,"CHX",5,"IB","Naive","IB2",20170822,356.049,4,0,0,4,170,0,1,0,723,5,15,20170822,77,2,7,"Boris.og","Boris.og",0,0.285714285714286,"Preset",1
"381","52504",11,"CHX",5,"IB","Naive","IB1",20170822,161.27,1,1,0.0555555555555556,2,169,0,1,0,723,5,15,20170822,77,2,7,"Boris.og","Boris.og",0,0.285714285714286,"Preset",1
"382","52504",15,"CHX",2,"IB","Naive","IB5",20170919,965.718,2,0,0.125,2,174,0,0,NA,718,2,18,20170919,105,3,3,"Boris.og","Boris.og",15,1,"Preset",1
"383","52504",15,"CHX",6,"IB","Naive","IB4",20170919,881.808,1,0,0.153846153846154,1,173,2,0,1,727,6,18,20170919,105,6,8,"Boris.og","Boris.og",5,0.75,"Preset",1
"384","52504",15,"CHX",6,"IB","Naive","IB8",20170919,1162.765,1,0,0,1,175,1,0,1,727,6,18,20170919,105,6,8,"Boris.og","Boris.og",5,0.75,"Preset",1
"385","52504",15,"CHX",6,"LS","Naive","LS1",20170919,184.793,3,0,0.0833333333333333,3,176,0,0,NA,727,6,18,20170919,105,6,8,"Boris.og","Boris.og",5,0.75,"Preset",0
"386","52504",15,"CHX",6,"LS","Naive","LS2",20170919,501.691,6,0,0.285714285714286,6,177,0,0,NA,727,6,18,20170919,105,6,8,"Boris.og","Boris.og",5,0.75,"Preset",0
"387","60601",3,"Control",1,"IB","Experienced","IB3",20170716,405.237,2,5,1,7,398,2,0,1,732,1,5,20170716,21,60,121,"notebook","notebook",199,0.495867768595041,"Preset",1
"388","60601",3,"Control",1,"IB","Experienced","IB4",20170716,905.001,3,1,1,4,399,1,0,1,732,1,5,20170716,21,60,121,"notebook","notebook",199,0.495867768595041,"Preset",1
"389","60601",3,"Control",1,"IB","Experienced","IB5",20170716,1564.803,2,2,1,4,400,0,1,0,732,1,5,20170716,21,60,121,"notebook","notebook",199,0.495867768595041,"Preset",1
"390","60601",3,"Control",1,"LS","Experienced","LS1",20170716,600.647,1,1,1,2,401,0,0,NA,732,1,5,20170716,21,60,121,"notebook","notebook",199,0.495867768595041,"Preset",0
"391","60601",3,"Control",1,"LS","Experienced","LS2",20170716,870.039,0,0,1,0,402,1,1,0.5,732,1,5,20170716,21,60,121,"notebook","notebook",199,0.495867768595041,"Absent",0
"392","60601",3,"Control",1,"LS","Experienced","LS5",20170716,1505.441,5,1,1,6,403,0,1,0,732,1,5,20170716,21,60,121,"notebook","notebook",199,0.495867768595041,"Preset",0
"393","60601",7,"Control",1,"IB","Experienced","IB5",20170813,1529.731,10,1,0.411764705882353,11,406,2,2,0.5,737,1,10,20170813,49,7,31,"Boris.og","Boris.og",339,0.225806451612903,"Preset",1
"394","60601",7,"Control",2,"IB","Naive","IB1",20170813,531.125,1,1,0.481481481481481,2,404,2,0,1,741,2,10,20170813,49,33,79,"Boris.og","Boris.og",14,0.417721518987342,"Preset",1
"395","60601",7,"Control",2,"IB","Naive","IB3",20170813,1324.663,4,4,0.545454545454545,8,405,1,3,0.25,741,2,10,20170813,49,33,79,"Boris.og","Boris.og",14,0.417721518987342,"Preset",1
"396","60601",7,"Control",2,"LS","Naive","LS2",20170813,622.546,6,1,0.565217391304348,7,407,0,1,0,741,2,10,20170813,49,33,79,"Boris.og","Boris.og",14,0.417721518987342,"Preset",0
"397","60601",7,"Control",2,"LS","Naive","LS3",20170813,960.264,5,9,0.473684210526316,14,408,0,1,0,741,2,10,20170813,49,33,79,"Boris.og","Boris.og",14,0.417721518987342,"Preset",0
"398","60601",7,"Control",2,"LS","Naive","LS4",20170813,1077.451,6,6,0.590909090909091,12,409,2,0,1,741,2,10,20170813,49,33,79,"Boris.og","Boris.og",14,0.417721518987342,"Preset",0
"399","60601",11,"Control",2,"IB","Naive","IB1",20170910,62.802,1,0,0,1,410,0,0,NA,744,2,13,20170910,77,1,5,"Boris.og","Boris.og",69,0.2,"Preset",1
"400","60601",11,"Control",3,"IB","Naive","IB5",20170910,860.222,0,1,0,1,412,0,0,NA,749,3,13,20170910,77,2,13,"Boris.og","Boris.og",12,0.153846153846154,"Preset",1
"401","60601",11,"Control",4,"IB","Naive","IB2",20170910,91.596,1,1,0,2,411,0,0,NA,756,4,13,20170910,77,9,32,"Boris.og","Boris.og",3,0.28125,"Preset",1
"402","60601",11,"Control",4,"LS","Naive","LS1",20170910,148.15,1,0,0,1,413,0,0,NA,756,4,13,20170910,77,9,32,"Boris.og","Boris.og",3,0.28125,"Preset",0
"403","60601",11,"Control",4,"LS","Naive","LS3",20170910,924.018,0,1,0,1,414,0,2,0,756,4,13,20170910,77,9,32,"Boris.og","Boris.og",3,0.28125,"Preset",0
"404","60601",11,"Control",4,"LS","Naive","LS5",20170910,1772.215,0,1,0,1,415,0,2,0,756,4,13,20170910,77,9,32,"Boris.og","Boris.og",3,0.28125,"Preset",0
"405","60601",15,"Control",4,"IB","Naive","IB1",20171008,1097.985,0,0,0,0,416,0,1,0,758,4,15,20171008,105,2,31,"notebook","notebook",13,0.0645161290322581,"Absent",1
"406","60601",15,"Control",4,"IB","Naive","IB2",20171008,1255.592,0,0,0,0,417,0,0,NA,758,4,15,20171008,105,2,31,"notebook","notebook",13,0.0645161290322581,"Absent",1
"407","60601",15,"Control",4,"LS","Naive","LS2",20171008,672.818,0,0,0,0,418,0,0,NA,758,4,15,20171008,105,2,31,"notebook","notebook",13,0.0645161290322581,"Absent",0
"408","60601",15,"Control",4,"LS","Naive","LS4",20171008,814.814,0,0,0,0,419,0,2,0,758,4,15,20171008,105,2,31,"notebook","notebook",13,0.0645161290322581,"Absent",0
"409","60601",15,"Control",4,"LS","Naive","LS7",20171008,935.258,0,0,0,0,420,0,1,0,758,4,15,20171008,105,2,31,"notebook","notebook",13,0.0645161290322581,"Absent",0
"410","62001",3,"Control",1,"IB","Experienced","IB1",20170716,208.027,0,0,0.933333333333333,0,421,1,0,1,770,1,6,20170716,21,56,108,"Boris.og","Boris.og",214,0.518518518518518,"Absent",1
"411","62001",3,"Control",1,"IB","Experienced","IB2",20170716,709.83,0,0,1,0,422,3,0,1,770,1,6,20170716,21,56,108,"Boris.og","Boris.og",214,0.518518518518518,"Absent",1
"412","62001",3,"Control",1,"IB","Experienced","IB4",20170716,1054.249,0,0,1,0,423,1,0,1,770,1,6,20170716,21,56,108,"Boris.og","Boris.og",214,0.518518518518518,"Absent",1
"413","62001",3,"Control",1,"LS","Experienced","LS2",20170716,452.176,0,0,1,0,424,0,1,0,770,1,6,20170716,21,56,108,"Boris.og","Boris.og",214,0.518518518518518,"Absent",0
"414","62001",3,"Control",1,"LS","Experienced","LS3",20170716,750.208,0,0,0.857142857142857,0,425,0,1,0,770,1,6,20170716,21,56,108,"Boris.og","Boris.og",214,0.518518518518518,"Absent",0
"415","62001",3,"Control",1,"LS","Experienced","LS4",20170716,873.795,0,0,1,0,426,0,1,0,770,1,6,20170716,21,56,108,"Boris.og","Boris.og",214,0.518518518518518,"Absent",0
"416","62001",7,"Control",1,"IB","Experienced","IB1",20170813,394.587,0,0,1,0,427,0,0,NA,774,1,10,20170813,49,52,109,"Boris.og","Boris.og",375,0.477064220183486,"Absent",1
"417","62001",7,"Control",1,"IB","Experienced","IB2",20170813,491.35,0,0,0.9,0,428,1,0,1,774,1,10,20170813,49,52,109,"Boris.og","Boris.og",375,0.477064220183486,"Absent",1
"418","62001",7,"Control",1,"IB","Experienced","IB5",20170813,1320.412,0,0,1,0,429,0,1,0,774,1,10,20170813,49,52,109,"Boris.og","Boris.og",375,0.477064220183486,"Absent",1
"419","62001",7,"Control",1,"LS","Experienced","LS1",20170813,404.806,0,0,0.933333333333333,0,430,0,0,NA,774,1,10,20170813,49,52,109,"Boris.og","Boris.og",375,0.477064220183486,"Absent",0
"420","62001",7,"Control",1,"LS","Experienced","LS3",20170813,877.464,0,1,0.833333333333333,1,431,0,0,NA,774,1,10,20170813,49,52,109,"Boris.og","Boris.og",375,0.477064220183486,"Preset",0
"421","62001",7,"Control",1,"LS","Experienced","LS4",20170813,976.267,0,0,1,0,432,0,0,NA,774,1,10,20170813,49,52,109,"Boris.og","Boris.og",375,0.477064220183486,"Absent",0
"422","62001",11,"Control",1,"IB","Experienced","IB3",20170910,884.042,0,0,0.666666666666667,0,434,0,1,0,777,1,13,20170910,77,10,30,"Boris.og","Boris.og",482,0.333333333333333,"Absent",1
"423","62001",11,"Control",1,"LS","Experienced","LS4",20170910,1417.344,0,0,0.333333333333333,0,437,0,0,NA,777,1,13,20170910,77,10,30,"Boris.og","Boris.og",482,0.333333333333333,"Absent",0
"424","62001",11,"Control",1,"LS","Experienced","LS5",20170910,1669.422,0,0,1,0,438,0,0,NA,777,1,13,20170910,77,10,30,"Boris.og","Boris.og",482,0.333333333333333,"Absent",0
"425","62001",11,"Control",2,"LS","Naive","LS3",20170910,896.991,0,0,0,0,436,0,2,0,792,2,13,20170910,77,0,7,"Boris.og","Boris.og",16,0,"Absent",0
"426","62001",11,"Control",3,"IB","Naive","IB2",20170910,543.768,0,0,0.333333333333333,0,433,1,1,0.5,797,3,13,20170910,77,3,5,"Boris.og","Boris.og",0,0.6,"Absent",1
"427","62001",11,"Control",3,"IB","Naive","IB4",20170910,1417.344,0,0,0.333333333333333,0,435,0,1,0,797,3,13,20170910,77,3,5,"Boris.og","Boris.og",0,0.6,"Absent",1
"428","62001",15,"Control",1,"LS","Experienced","LS1",20171008,77.506,0,0,0.25,0,442,0,0,NA,780,1,16,20171008,105,2,6,"Boris.og","Boris.og",492,0.333333333333333,"Absent",0
"429","62001",15,"Control",4,"IB","Naive","IB2",20171008,888.28,0,0,0.111111111111111,0,439,0,0,NA,802,4,16,20171008,105,6,19,"Boris.og","Boris.og",14,0.315789473684211,"Absent",1
"430","62001",15,"Control",4,"IB","Naive","IB5",20171008,1110.605,0,0,0,0,440,0,0,NA,802,4,16,20171008,105,6,19,"Boris.og","Boris.og",14,0.315789473684211,"Absent",1
"431","62001",15,"Control",4,"IB","Naive","IB7",20171008,1337.224,0,0,0,0,441,0,0,NA,802,4,16,20171008,105,6,19,"Boris.og","Boris.og",14,0.315789473684211,"Absent",1
"432","62001",15,"Control",4,"LS","Naive","LS10",20171008,1776.048,0,0,0,0,443,0,0,NA,802,4,16,20171008,105,6,19,"Boris.og","Boris.og",14,0.315789473684211,"Absent",0
"433","62001",15,"Control",4,"LS","Naive","LS4",20171008,265.192,0,0,0.5,0,444,0,5,0,802,4,16,20171008,105,6,19,"Boris.og","Boris.og",14,0.315789473684211,"Absent",0
"434","GreenTub",3,"CHX",1,"IB","Experienced","IB1",20170510,157.191,0,1,1,1,178,0,0,NA,843,1,5,20170510,21,2,33,"Boris.og","Boris.og",12,0.0606060606060606,"Preset",1
"435","GreenTub",3,"CHX",1,"IB","Experienced","IB2",20170510,739.033,2,0,1,2,179,0,1,0,843,1,5,20170510,21,2,33,"Boris.og","Boris.og",12,0.0606060606060606,"Preset",1
"436","GreenTub",3,"CHX",1,"LS","Experienced","LS3",20170510,432.894,1,0,1,1,180,0,2,0,843,1,5,20170510,21,2,33,"Boris.og","Boris.og",12,0.0606060606060606,"Preset",0
"437","GreenTub",3,"CHX",1,"LS","Experienced","LS5",20170510,950.975,1,0,1,1,181,0,1,0,843,1,5,20170510,21,2,33,"Boris.og","Boris.og",12,0.0606060606060606,"Preset",0
"438","GreenTub",7,"CHX",1,"IB","Experienced","IB4",20170607,1234.144,0,0,0.888888888888889,0,183,0,1,0,848,1,10,20170607,49,4,57,"Boris.og","Boris.og",33,0.0701754385964912,"Absent",1
"439","GreenTub",7,"CHX",1,"IB","Experienced","IB5",20170607,1344.691,0,0,0.75,0,184,0,2,0,848,1,10,20170607,49,4,57,"Boris.og","Boris.og",33,0.0701754385964912,"Absent",1
"440","GreenTub",7,"CHX",1,"LS","Experienced","LS2",20170607,563.852,0,0,0.846153846153846,0,185,0,1,0,848,1,10,20170607,49,4,57,"Boris.og","Boris.og",33,0.0701754385964912,"Absent",0
"441","GreenTub",7,"CHX",1,"LS","Experienced","LS8",20170607,1253.454,0,0,0.888888888888889,0,186,0,2,0,848,1,10,20170607,49,4,57,"Boris.og","Boris.og",33,0.0701754385964912,"Absent",0
"442","GreenTub",7,"CHX",1,"LS","Experienced","LS9",20170607,1686.072,0,0,0.666666666666667,0,187,0,0,NA,848,1,10,20170607,49,4,57,"Boris.og","Boris.og",33,0.0701754385964912,"Absent",0
"443","GreenTub",7,"CHX",4,"IB","Naive","IB3",20170607,526.349,0,0,0.833333333333333,0,182,0,1,0,859,4,10,20170607,49,1,2,"Boris.og","Boris.og",0,0.5,"Absent",1
"444","GreenTub",11,"CHX",1,"LS","Experienced","LS1",20170705,1343.454,2,0,0.777777777777778,2,189,0,1,0,852,1,14,20170705,77,3,65,"Boris.og","Boris.og",44,0.0461538461538462,"Preset",0
"445","GreenTub",11,"CHX",1,"IB","Experienced","IB1",20170705,475.375,1,0,1,1,188,1,1,0.5,852,1,14,20170705,77,3,65,"Boris.og","Boris.og",44,0.0461538461538462,"Preset",1
"446","GreenTub",15,"CHX",1,"IB","Experienced","IB1",20170802,172.972,0,0,1,0,190,0,1,0,856,1,18,20170802,105,3,32,"Boris.og","Boris.og",47,0.09375,"Absent",1
"447","GreenTub",15,"CHX",1,"IB","Experienced","IB2",20170802,500.556,0,0,1,0,191,0,2,0,856,1,18,20170802,105,3,32,"Boris.og","Boris.og",47,0.09375,"Absent",1
"448","GreenTub",15,"CHX",1,"IB","Experienced","IB3",20170802,516.666,0,0,1,0,192,0,0,NA,856,1,18,20170802,105,3,32,"Boris.og","Boris.og",47,0.09375,"Absent",1
"449","GreenTub",15,"CHX",1,"LS","Experienced","LS4",20170802,540.545,0,0,1,0,193,1,1,0.5,856,1,18,20170802,105,3,32,"Boris.og","Boris.og",47,0.09375,"Absent",0
"450","GreenTub",15,"CHX",1,"LS","Experienced","LS6",20170802,742.439,0,0,1,0,194,0,2,0,856,1,18,20170802,105,3,32,"Boris.og","Boris.og",47,0.09375,"Absent",0
"451","GreenTub",15,"CHX",1,"LS","Experienced","LS7",20170802,850.104,0,0,1,0,195,0,0,NA,856,1,18,20170802,105,3,32,"Boris.og","Boris.og",47,0.09375,"Absent",0
"452","GreenTub",19,"CHX",8,"LS","Naive","LS2",20170830,239.732,2,0,0,2,196,0,0,NA,863,8,22,20170830,133,0,9,"Boris.og","Boris.og",4,0,"Preset",0
"453","GreenTub",19,"CHX",8,"LS","Naive","LS8",20170830,1389.423,4,0,0.25,4,198,0,0,NA,863,8,22,20170830,133,0,9,"Boris.og","Boris.og",4,0,"Preset",0
"454","GreenTub",19,"CHX",9,"LS","Naive","LS3",20170830,409.885,3,0,0.2,3,197,0,1,0,864,9,22,20170830,133,0,5,"Boris.og","Boris.og",0,0,"Preset",0
